0,1,2,3,4,5,6
0.5956317306233884,0.3818516812528789,0.6248492159227986,0.0,0.16666666666666666,0.4614320672411959,3.77
0.4331867131806461,0.26715799170888993,0.37967430639324484,0.0,0.0,0.45026066602830095,3.115
0.4234794478992871,0.29387379087977894,0.3700241254523522,0.0,0.0,0.45026066602830095,3.531
0.5602912179584407,0.15246430216490098,0.5633293124246079,0.25,0.0,0.49909564847324184,3.51
0.41877749127862884,0.3809304467987103,0.3787696019300362,0.0,0.0,0.5075007979572295,5.39
0.5898680418625816,0.15246430216490098,0.775934861278649,0.0,0.0,0.381955527183743,1.819
0.5833459730016685,0.0,0.4399879372738239,0.0,0.0,0.6198531758697735,3.947
0.5561959654178674,0.0,0.40229191797346203,0.25,0.0,0.6101712948185977,3.513
0.49855907780979825,0.2298479963150622,0.4179734620024126,0.0,0.0,0.6198531758697735,4.402
0.5310177460943425,0.06172270842929527,0.4059107358262968,0.0,0.0,0.4761144802638579,3.021
0.46594873350523286,0.06172270842929527,0.37364294330518694,0.0,0.0,0.4950526651771465,3.21
0.5149400879720917,0.10271764163979734,0.40681544028950545,0.0,0.0,0.4761144802638579,2.371
0.482178067647505,0.10271764163979734,0.399577804583836,0.25,0.0,0.4950526651771465,3.919
0.5310177460943425,0.06172270842929527,0.49246079613992766,0.0,0.0,0.5046281519310566,3.03
0.5287426057940239,0.15246430216490098,0.502714113389626,0.0,0.16666666666666666,0.4112139589318013,2.736
0.4236311239193084,0.11561492399815754,0.4553679131483716,0.0,0.0,0.3220555378231727,2.157
0.5310177460943425,0.06172270842929527,0.5180940892641738,0.0,0.0,0.43440791573571663,2.413
0.5583194296981647,0.2579456471672041,0.6565138721351026,0.0,0.0,0.2946058091286307,0.898
0.559836189898377,0.20819898664210043,0.9330518697225573,0.0,0.0,0.42461964038727523,0.45
0.5616563021386319,0.18654997696913866,0.482810615199035,0.25,0.0,0.49909564847324184,3.733
0.5117548915516457,0.4477199447259328,0.6890832328106152,0.0,0.5,0.18246621981061814,2.976
0.5528590929774003,0.5739290649470291,0.4520506634499397,0.0,0.16666666666666666,0.7311416108096607,6.535
0.5730320036402246,0.3371718102257025,0.39776839565741856,0.0,0.0,0.739653154590914,5.643
0.6039739117245564,0.10271764163979734,0.4089264173703257,0.0,0.0,0.6680497925311204,4.629
0.5122099196117094,0.4283740211883925,0.3377563329312425,0.0,0.0,0.5755931482072562,4.838
0.60564234794479,0.29801934592353757,0.416767189384801,0.0,0.16666666666666666,0.6379402064049368,4.081
0.6065524040649173,0.06172270842929527,0.5096501809408926,0.0,0.0,0.5738908394510055,3.436
0.6920976793568936,0.06172270842929527,0.7177322074788902,0.0,0.0,0.5825087775295245,3.45
0.5797057485211589,0.29387379087977894,0.7611580217129071,0.0,0.0,0.2071496967762528,1.102
0.47717275898680417,0.4085674804237679,0.40711700844390836,0.0,0.0,0.49281838493456753,4.257
0.26421962687699074,0.5347766006448642,0.3802774427020507,0.0,0.16666666666666666,0.30939461644855837,5.386
0.6540269983315639,0.10271764163979734,0.46773220747889027,0.0,0.0,0.6086817746568784,3.393
0.568178370999545,0.19760479041916168,0.7632689987937273,0.0,0.0,0.2514097244387701,1.308
0.6065524040649173,0.06172270842929527,0.577503015681544,0.0,0.0,0.5453771677838067,3.554
0.5146367359320491,0.22846614463380932,0.4749698431845598,0.0,0.16666666666666666,0.4196191084157889,2.269
0.6368876080691642,0.06172270842929527,0.45416164053076,0.0,0.0,0.6061283115225025,4.165
0.7406340057636888,0.10271764163979734,0.49577804583835955,0.0,0.0,0.8482817320991597,5.896
0.6479599575307144,0.0,0.4662243667068757,0.0,0.0,0.6858176401744867,4.829
0.5437585317761262,0.10271764163979734,0.4041013268998794,0.75,0.0,0.5266517714650495,4.59
0.6825420900955559,0.18654997696913866,0.5784077201447528,0.0,0.16666666666666666,0.67837003936589,2.092
0.6576672228120735,0.10271764163979734,0.6016284680337757,0.0,0.0,0.5487817852963082,3.665
0.5295009858941301,0.10271764163979734,0.4209891435464415,0.25,0.0,0.5304819661666135,3.56
0.43986045806158053,0.2947950253339475,0.39686369119420994,0.25,0.0,0.5589956378338121,4.805
0.5718185954800546,0.06172270842929527,0.5247285886610374,0.0,0.0,0.46994361102244925,3.174
0.770514181707872,0.2579456471672041,0.47225572979493363,0.25,0.3333333333333333,0.722417278433876,7.899
0.6534202942514789,0.15246430216490098,0.7023522316043427,0.0,0.16666666666666666,0.47334822853495057,2.67
0.5672683148794176,0.319207738369415,0.6776236429433052,0.0,0.3333333333333333,0.39057346526226194,4.016
0.5580160776581223,0.10271764163979734,0.4279252110977081,0.0,0.0,0.5401638472177892,3.857
0.6802669497952374,0.319207738369415,0.6100723763570568,0.5,0.3333333333333333,0.5427173103521652,5.522
0.7338085848627333,0.319207738369415,0.6254523522316043,0.0,0.3333333333333333,0.6099585062240666,4.851
0.6675261641134537,0.10271764163979734,0.5566948130277444,0.5,0.16666666666666666,0.5879348866900734,3.84
0.6675261641134537,0.10271764163979734,0.5337756332931243,0.5,0.3333333333333333,0.5879348866900734,4.586
0.4236311239193084,0.45002303086135426,0.35193003618817853,0.0,0.0,0.7106075114373871,5.284
0.43728196572121947,0.312759097190235,0.34981905910735833,0.0,0.0,0.5511224598361528,3.559
0.5833459730016685,0.0,0.4399879372738239,0.0,0.0,0.6198531758697735,4.091
0.49855907780979825,0.2298479963150622,0.4179734620024126,0.0,0.0,0.648366847536972,4.33
0.5149400879720917,0.10271764163979734,0.40681544028950545,0.0,0.0,0.5046281519310566,3.755
0.4236311239193084,0.3823122984799632,0.3905307599517491,0.0,0.0,0.6768805192041707,4.552
0.43728196572121947,0.2680792261630585,0.37243667068757536,0.0,0.0,0.5331418235982551,3.62
0.417564083118459,0.2947950253339475,0.3721351025331725,0.0,0.0,0.5331418235982551,4.459
0.5310177460943425,0.06172270842929527,0.4059107358262968,0.0,0.0,0.5046281519310566,2.827
0.4236311239193084,0.18654997696913866,0.3959589867310013,1.0,0.3333333333333333,0.35056920949037135,6.38
0.5683300470195662,0.18654997696913866,0.6046441495778045,0.25,0.16666666666666666,0.4790935205872966,4.786
0.34930987410890335,0.2947950253339475,0.6305790108564536,0.0,0.0,0.35025002659857435,3.861
0.4377369937812832,0.27821280515891295,0.5829312424607961,0.0,0.0,0.5223959995744228,3.262
0.34293948126801155,0.10271764163979734,0.5214113389626056,0.5,0.0,0.316842217257155,6.297
0.37691490975276815,0.2298479963150622,0.5621230398069964,0.25,0.0,0.4847324183423769,3.546
0.3286819353860154,0.3823122984799632,0.689686369119421,0.0,0.0,0.5001595914458985,2.92
0.33050204762627033,0.2947950253339475,0.675512665862485,0.0,0.0,0.34375997446536866,3.203
0.48945851660852424,0.06172270842929527,0.649577804583836,0.0,0.0,0.34375997446536866,2.283
0.37691490975276815,0.06172270842929527,0.5551869722557299,0.0,0.0,0.328332801361847,1.559
0.30729561656302135,0.06172270842929527,0.4601930036188178,0.25,0.0,0.316842217257155,3.47
0.202335810708327,0.2680792261630585,0.5298552472858866,0.0,0.0,0.328332801361847,4.748
0.45502806006370394,0.11561492399815754,0.7062726176115802,0.0,0.0,0.19480795829343547,2.576
0.4084635219171848,0.10271764163979734,0.5503618817852836,0.25,0.0,0.328332801361847,5.259
0.34293948126801155,0.10271764163979734,0.4414957780458384,0.0,0.0,0.328332801361847,4.564
0.24753526467465495,0.2947950253339475,0.6305790108564536,0.25,0.0,0.328332801361847,4.37
0.3970878204155923,0.18654997696913866,0.6857659831121834,0.0,0.0,0.19480795829343547,0.053
0.2528439253753982,0.18654997696913866,0.571773220747889,0.5,0.0,0.16789020108522182,2.381
0.33050204762627033,0.15246430216490098,0.6100723763570568,0.25,0.0,0.26577295456963507,2.891
0.5894130138025179,0.18654997696913866,0.603437876960193,0.0,0.0,0.381955527183743,1.088
0.6684362202335811,0.06172270842929527,0.5962002412545235,0.0,0.0,0.5487817852963082,3.721
0.6576672228120735,0.2238599723629664,0.5337756332931243,0.0,0.0,0.656984785615491,3.701
0.6426512968299712,0.6328880700138186,0.8006634499396863,0.0,0.0,0.5249494627087988,6.083
1.0,0.06172270842929527,0.6233413751507841,0.0,0.0,0.966804979253112,4.628
0.6778401334748977,0.18654997696913866,0.5799155609167672,0.25,0.0,0.5056920949037133,3.7
0.526164113453663,0.10271764163979734,0.6019300361881785,0.0,0.16666666666666666,0.4200446856048516,1.842
0.4412255422417716,0.5048364808843852,0.6945114595898674,0.0,0.16666666666666666,0.0983083306734759,3.396
0.39541938419535877,0.34500230308613544,0.44089264173703263,0.0,0.0,0.4655814448345569,2.99
0.4236311239193084,0.18654997696913866,0.629071170084439,0.25,0.16666666666666666,0.35780402170443665,3.573
0.5683300470195662,0.10271764163979734,0.5968033775633294,0.0,0.16666666666666666,0.4602617299712735,2.271
0.5982102229637494,0.10271764163979734,0.6830518697225574,0.0,0.0,0.4756889030747952,2.085
0.5833459730016685,0.0,0.4399879372738239,0.0,0.0,0.6198531758697735,3.822
0.5149400879720917,0.10271764163979734,0.40681544028950545,0.0,0.0,0.5046281519310566,3.29
0.49855907780979825,0.2298479963150622,0.4179734620024126,0.0,0.0,0.648366847536972,3.84
0.43728196572121947,0.2680792261630585,0.37243667068757536,0.0,0.0,0.5331418235982551,3.979
0.5310177460943425,0.06172270842929527,0.4059107358262968,0.0,0.0,0.5046281519310566,3.47
0.458971636584256,0.18654997696913866,0.364897466827503,0.0,0.0,0.40185126077242267,3.314
0.4902168967086304,0.319207738369415,0.718636911942099,0.0,0.3333333333333333,0.31290562825832535,4.031
0.4174124070984377,0.4970059880239521,0.3893244873341375,0.0,0.0,0.7391211831045855,4.74
0.4439557106021537,0.27821280515891295,0.37153196622436674,0.0,0.0,0.6308117884881371,4.194
0.5425451236159563,0.0,0.4209891435464415,0.0,0.0,0.5843174805830408,3.447
0.482178067647505,0.06172270842929527,0.5093486127864898,0.0,0.0,0.3968507288009363,2.364
0.4439557106021537,0.2298479963150622,0.39294330518697224,0.0,0.0,0.6128311522502394,3.645
0.5683300470195662,0.10271764163979734,0.5370928829915561,0.0,0.0,0.4339823385466539,2.07
0.535871378735022,0.10271764163979734,0.5214113389626056,0.0,0.16666666666666666,0.4185551654431323,2.27
0.46306688912482935,0.10271764163979734,0.37786489746682755,0.0,0.0,0.4670709649962762,3.513
0.482178067647505,0.06172270842929527,0.5093486127864898,0.0,0.0,0.3968507288009363,2.811
0.6333990596086759,0.3933671119299862,0.5651387213510254,0.0,0.0,0.5460155335674008,2.832
0.5531624450174428,0.11561492399815754,0.8012665862484922,0.0,0.0,0.30013831258644535,1.639
0.482178067647505,0.06172270842929527,0.5093486127864898,0.0,0.0,0.3968507288009363,2.016
0.5531624450174428,0.11561492399815754,0.7101930036188179,0.0,0.0,0.30013831258644535,1.651
0.6262702866676779,0.18654997696913866,0.6372135102533173,0.0,0.16666666666666666,0.5260134056814555,4.097
0.5190353405126649,0.18654997696913866,0.5895657418576599,0.0,0.16666666666666666,0.4128098733907863,3.123
0.5190353405126649,0.18654997696913866,0.675512665862485,0.0,0.16666666666666666,0.4128098733907863,3.231
0.4081601698771424,0.45002303086135426,0.5199034981905911,0.0,0.0,0.5838919033939781,5.052
0.49689064158956464,0.27821280515891295,0.5805186972255729,0.0,0.0,0.5642089583998298,3.572
0.5376914909752768,0.06172270842929527,0.6272617611580218,0.0,0.0,0.39195659112671566,2.436
0.39860458061580467,0.06172270842929527,0.48582629674306405,0.25,0.0,0.36514522821576767,2.567
0.5053844987107539,0.11561492399815754,0.6507840772014475,0.0,0.0,0.2500265985743164,1.795
0.290914606400728,0.11561492399815754,0.45898673100120624,0.0,0.0,0.22321523566336846,5.072
0.4617018049446382,0.15246430216490098,0.756031363088058,0.0,0.0,0.2500265985743164,2.156
0.4600333687244047,0.18654997696913866,0.905307599517491,0.0,0.0,0.29322268326417705,1.037
0.5376914909752768,0.06172270842929527,0.7533172496984318,0.0,0.0,0.39195659112671566,1.932
0.39860458061580467,0.06172270842929527,0.5024125452352232,0.0,0.0,0.32343866368762636,2.505
0.4745942666464433,0.10271764163979734,0.6227382388419783,0.0,0.0,0.35025002659857435,1.524
0.37084786895191874,0.10271764163979734,0.4822074788902293,0.0,0.0,0.32343866368762636,3.048
0.6485666616107993,0.3735605711653616,0.4779855247285887,0.0,0.0,0.656984785615491,5.115
0.6041255877445776,0.10271764163979734,0.5931845597104947,0.0,0.16666666666666666,0.4978189169060539,2.856
0.4045199453966328,0.319207738369415,0.4595898673100121,0.5,0.3333333333333333,0.2589637195446324,4.366
0.7338085848627333,0.319207738369415,0.6254523522316043,0.0,0.3333333333333333,0.6099585062240666,4.976
0.6041255877445776,0.10271764163979734,0.5931845597104947,0.0,0.16666666666666666,0.4978189169060539,2.94
0.6230850902472319,0.0,0.6221351025331726,0.0,0.0,0.6809235025002661,4.538
0.46958895798574246,0.3823122984799632,0.6308805790108565,0.0,0.0,0.5838919033939781,3.391
0.577885636280904,0.06172270842929527,0.6142943305186972,0.0,0.0,0.4354718587083733,2.692
0.526164113453663,0.10271764163979734,0.6019300361881785,0.25,0.0,0.4200446856048516,3.825
0.4236311239193084,0.18654997696913866,0.4592882991556092,0.0,0.0,0.2827960421321417,3.206
0.5120582435916882,0.15246430216490098,0.744270205066345,0.0,0.0,0.29822321523566336,1.78
0.5108448354315184,0.18654997696913866,0.7234620024125453,0.0,0.0,0.29822321523566336,0.533
0.5944183224632185,0.0,0.5467430639324488,0.0,0.0,0.6392169379721248,3.299
0.4213559836189899,0.06172270842929527,0.497285886610374,0.0,0.0,0.3566336844345143,2.914
0.4174124070984377,0.2579456471672041,0.8585645355850422,0.0,0.0,0.24896265560165975,1.18
0.6109510086455332,0.10271764163979734,0.5527744270205067,0.25,0.3333333333333333,0.5218640280880945,3.168
0.6350674958289095,0.10271764163979734,0.5904704463208686,0.0,0.16666666666666666,0.5333546121927865,3.446
0.5583194296981647,0.2579456471672041,0.718636911942099,0.0,0.16666666666666666,0.36408128524311095,3.496
0.5836493250417109,0.27821280515891295,0.5778045838359469,0.0,0.0,0.6394297265666561,4.68
0.6121644168057031,0.06172270842929527,0.6061519903498191,0.0,0.0,0.4756889030747952,3.252
0.5982102229637494,0.10271764163979734,0.611881785283474,0.0,0.0,0.4756889030747952,2.98
0.48141968754739883,0.18654997696913866,0.571773220747889,0.5,0.0,0.31492711990637307,3.936
0.5982102229637494,0.2238599723629664,0.5464414957780458,0.0,0.0,0.5838919033939781,5.47
0.50614287881086,0.22846614463380932,0.7367310012062727,0.0,0.0,0.20927758272156613,1.842
0.5112998634915821,0.2579456471672041,0.7120024125452353,0.0,0.0,0.20927758272156613,0.15
0.5982102229637494,0.2238599723629664,0.5244270205066345,0.0,0.0,0.5838919033939781,3.736
0.6420445927498862,0.06172270842929527,0.6004221954161642,0.0,0.0,0.5132460900095756,3.719
0.4946155012892462,0.11561492399815754,0.5075392038600723,0.0,0.0,0.355144164272795,1.749
0.6297588351281662,0.10271764163979734,0.6061519903498191,0.0,0.0,0.5132460900095756,3.507
0.6041255877445776,0.10271764163979734,0.5931845597104947,0.25,0.0,0.4978189169060539,3.979
0.6465948733505232,0.27821280515891295,0.5762967430639325,0.0,0.0,0.8040217044366423,5.363
0.6684362202335811,0.06172270842929527,0.5962002412545235,0.0,0.0,0.6458133844025961,4.396
0.6576672228120735,0.10271764163979734,0.6016284680337757,0.0,0.0,0.6458133844025961,3.984
0.586379493402093,0.2579456471672041,0.732509047044632,0.0,0.0,0.2931162889669114,1.02
0.49097527680873654,0.4735145094426532,0.7638721351025332,0.0,0.0,0.46281519310564956,2.973
0.6534202942514789,0.18654997696913866,0.5811218335343789,0.0,0.16666666666666666,0.6567719970209598,3.182
0.7086303655392082,0.10271764163979734,0.5853437876960192,0.0,0.16666666666666666,0.7274178104053624,5.055
0.6920976793568936,0.06172270842929527,0.5931845597104947,0.0,0.0,0.6795403766358125,4.822
0.5866828454421357,0.319207738369415,0.7237635705669482,0.0,0.0,0.2071496967762528,0.33
0.7048384650386774,0.10271764163979734,0.595295536791315,0.0,0.0,0.7117778487073093,4.819
0.7251630517215227,0.10271764163979734,0.5931845597104947,0.0,0.0,0.742844983508884,5.219
0.7438192021841347,0.10271764163979734,0.5913751507840772,0.0,0.0,0.7727417810405363,5.268
0.8034278780524798,0.18654997696913866,0.5591073582629675,0.5,0.16666666666666666,0.9004149377593361,3.139
0.4736842105263158,0.15246430216490098,0.4990952955367913,0.0,0.16666666666666666,0.359612724757953,2.858
0.4858182921280146,0.3519115614923998,0.4707478890229192,0.0,0.16666666666666666,0.5854878178529631,4.191
0.6261186106476566,0.10271764163979734,0.505729794933655,0.0,0.0,0.6061283115225025,4.416
0.5017442742302441,0.22846614463380932,0.4442098914354644,0.0,0.16666666666666666,0.4873922757740185,3.537
0.6138328530259366,0.29387379087977894,0.5735826296743065,0.0,0.16666666666666666,0.4738802000212789,4.38
0.4870317002881845,0.10271764163979734,0.4948733413751508,0.0,0.0,0.4200446856048516,1.408
0.29516153496132264,0.5343159834177799,0.6363088057901085,0.0,0.0,0.4354718587083733,2.936
0.491278628848779,0.8447719944725934,0.5265379975874548,0.0,0.3333333333333333,0.6382593892967338,8.471
0.5898680418625816,0.6913864578535237,0.38238841978287097,0.0,0.0,0.8546653899350996,5.861
0.6666161079933264,0.44035006909258406,0.47225572979493363,0.0,0.0,0.8163634429194596,5.574
0.6104959805854695,0.620912022109627,0.5199034981905911,0.0,0.0,0.5079263751462922,3.852
0.550128924617018,0.40534315983417785,0.580820265379976,0.25,0.16666666666666666,0.39057346526226194,5.244
0.8307295616563021,0.319207738369415,0.5476477683956574,0.0,0.3333333333333333,0.8841366102776893,2.548
0.6033672076444714,0.2579456471672041,0.39897466827503014,0.0,0.16666666666666666,0.6750718161506544,5.276
0.5596845138783559,0.2579456471672041,0.4716525934861279,0.0,0.16666666666666666,0.5509096712416215,3.924
0.49325041710905504,0.7305389221556887,0.3959589867310013,0.0,0.0,0.8608362591765082,6.379
0.3931442438950402,0.6070935052970982,0.298854041013269,0.0,0.0,0.7073092882221513,4.705
0.47338085848627337,0.49516351911561496,0.40621230398069963,0.0,0.0,0.5578253005638899,4.96
0.48157136356742,0.26715799170888993,0.4031966224366707,0.0,0.0,0.4878178529630812,3.766
0.4381920218413469,0.3274988484569323,0.3754523522316044,0.0,0.0,0.39493563145015426,3.641
0.6151979372061277,0.10271764163979734,0.3754523522316044,0.0,0.16666666666666666,0.6884774976061284,4.108
0.40922190201729114,0.41040994933210506,0.3673100120627262,0.0,0.0,0.6213426960314927,4.42
0.3992112846958896,0.6485490557346845,0.33323281061519905,0.0,0.0,0.5979359506330462,5.29
0.6094342484453208,0.22846614463380932,0.5615199034981907,0.0,0.0,0.4235556974146186,2.392
0.6247535264674655,0.15246430216490098,0.5645355850422196,0.25,0.0,0.5624002553463134,3.87
0.7515546792052177,0.3984339014279134,0.5196019300361882,0.0,0.0,0.7638046600702203,5.642
0.458971636584256,0.18654997696913866,0.364897466827503,0.0,0.0,0.40185126077242267,4.287
0.4174124070984377,0.4970059880239521,0.3893244873341375,0.0,0.0,0.7391211831045855,4.79
0.39875625663582587,0.4302164900967297,0.36640530759951745,0.0,0.0,0.5971911905521864,4.296
0.5624146822387381,0.43620451404882543,0.5108564535585043,0.0,0.16666666666666666,0.5170762847111394,6.607
0.4617018049446382,0.3809304467987103,0.40229191797346203,0.0,0.0,0.5450579848920097,3.759
0.5596845138783559,0.2579456471672041,0.4716525934861279,0.25,0.0,0.4386636876263433,3.278
0.5223722129531321,0.2579456471672041,0.4592882991556092,0.25,0.0,0.404936695393127,3.118
0.4375853177612619,0.42514970059880247,0.4433051869722558,0.0,0.0,0.33780189381849135,3.237
0.5718185954800546,0.06172270842929527,0.5781061519903498,0.0,0.0,0.5401638472177892,3.267
0.377521613832853,0.3818516812528789,0.3709288299155609,0.0,0.0,0.5737844451537398,3.933
0.6258152586076142,0.6771073238139107,0.5666465621230399,0.0,0.3333333333333333,0.3590807532716247,4.486
0.4715607462460185,0.5578074619990788,0.7991556091676719,0.0,0.0,0.45589956378338126,4.305
0.3961777642954649,0.4094887148779365,0.3712303980699638,0.0,0.0,0.5163315246302799,3.927
0.6039739117245564,0.10271764163979734,0.45114595898673104,0.25,0.0,0.5965528247685924,4.35
0.5361747307750645,0.5923537540304008,0.5096501809408926,0.0,0.0,0.5110118097669966,4.809
0.5517973608372516,0.39567019806540765,0.7714113389626055,0.0,0.0,0.5486753909990425,4.499
0.6135295009858941,0.06172270842929527,0.41737032569360677,0.0,0.0,0.6680497925311204,4.65
0.5502806006370393,0.18654997696913866,0.4779855247285887,0.0,0.0,0.4464304713267369,2.604
0.6350674958289095,0.10271764163979734,0.5904704463208686,0.25,0.0,0.5333546121927865,3.629
0.5580160776581223,0.10271764163979734,0.4279252110977081,0.0,0.0,0.5401638472177892,4.07
0.5225238889731534,0.18654997696913866,0.47225572979493363,0.25,0.0,0.46536865624002555,2.93
0.5683300470195662,0.10271764163979734,0.5968033775633294,0.25,0.0,0.4602617299712735,3.727
0.5988169270438344,0.319207738369415,0.6646562123039808,0.0,0.3333333333333333,0.4261091605489946,3.095
0.458971636584256,0.18654997696913866,0.364897466827503,0.0,0.0,0.40185126077242267,6.4
0.4084635219171848,0.10271764163979734,0.6221351025331726,0.25,0.0,0.328332801361847,2.65
0.48141968754739883,0.18654997696913866,0.571773220747889,0.0,0.3333333333333333,0.31492711990637307,2.851
0.6262702866676779,0.18654997696913866,0.6372135102533173,0.0,0.16666666666666666,0.5260134056814555,4.208
0.4745942666464433,0.10271764163979734,0.6094692400482509,0.25,0.0,0.37652941802319395,3.654
0.5601395419384195,0.18654997696913866,0.6583232810615199,0.0,0.16666666666666666,0.45292052345994255,3.81
0.46958895798574246,0.18654997696913866,0.7086851628468034,0.0,0.0,0.2565166507075221,0.931
0.531321098134385,0.319207738369415,0.5506634499396864,0.0,0.3333333333333333,0.35301627832748167,3.178
0.751099651145154,0.06172270842929527,0.5871531966224367,0.0,0.0,0.7727417810405363,6.255
0.485514940087972,0.4016582220175035,0.6076598311218336,0.0,0.0,0.18065751675710184,2.732
0.7195510389807371,0.44035006909258406,0.6951145958986732,0.0,0.0,0.6509203106713481,4.448
0.5769755801607767,0.18654997696913866,0.5150784077201448,0.0,0.3333333333333333,0.38653048196616663,1.086
0.40967693007735473,0.2947950253339475,0.6402291917973463,0.0,0.0,0.39195659112671566,2.586
0.40967693007735473,0.15246430216490098,0.5898673100120627,0.0,0.16666666666666666,0.32099159485051604,2.117
0.35401183072956166,0.5886688162137265,0.571773220747889,0.0,0.3333333333333333,0.5684647302904565,3.955
0.44744425906264224,0.49286043298019355,0.4882388419782872,0.0,0.0,0.4251516118736036,4.278
0.58107083270135,0.10271764163979734,0.3935464414957781,0.0,0.0,0.5680391531013939,3.112
0.5607462460185045,0.8387839705204975,0.4291314837153197,0.0,0.3333333333333333,0.8887115650601128,6.897
0.40922190201729114,0.4016582220175035,0.5642340168878167,0.0,0.16666666666666666,0.328332801361847,6.424
0.7406340057636888,0.10271764163979734,0.49577804583835955,0.0,0.0,0.7512501329928717,5.78
0.4225693917791598,0.42514970059880247,0.4749698431845598,0.0,0.16666666666666666,0.4113203532290669,1.05
0.694827847717276,0.2579456471672041,0.6130880579010857,0.0,0.16666666666666666,0.6311309713799341,3.926
0.6384043682693765,0.6356517733763243,0.5006031363088058,0.0,0.0,0.5165443132248112,6.284
0.5716669194600333,0.319207738369415,0.5162846803377564,0.0,0.3333333333333333,0.5201617193318437,3.451
0.6158046412862126,0.5951174573929066,0.7593486127864897,0.0,0.5,0.47654005745292055,3.477
0.5851660852419232,0.10271764163979734,0.3748492159227985,0.0,0.0,0.6110224491967231,4.967
0.5014409221902018,0.6734223859972364,0.36972255729794934,0.0,0.0,0.8607298648792425,5.985
0.4758076748066131,0.661906955320129,0.5253317249698433,0.5,0.3333333333333333,0.5005851686349613,6.351
0.4293948126801153,0.661906955320129,0.4894451145958988,0.0,0.3333333333333333,0.5805936801787425,6.207
0.5936599423631124,0.29387379087977894,0.3875150784077202,0.0,0.16666666666666666,0.6177252899244601,4.68
0.7465493705445169,0.7807461999078766,0.4472255729794934,0.0,0.0,0.5509096712416215,4.475
0.651600182011224,0.15246430216490098,0.5651387213510254,0.0,0.16666666666666666,0.6069794659006278,3.24
0.5683300470195662,0.3809304467987103,0.44481302774427023,0.5,0.0,0.42972656665602726,5.478
0.5580160776581223,0.10271764163979734,0.34861278648974675,0.0,0.0,0.5874029152037451,4.62
0.4612467768845746,0.5343159834177799,0.4146562123039807,0.0,0.16666666666666666,0.7130545802744973,5.048
0.5342029425147885,0.6130815292491939,0.5189987937273824,0.0,0.3333333333333333,0.355144164272795,7.045
0.4081601698771424,0.18654997696913866,0.603437876960193,0.0,0.16666666666666666,0.32099159485051604,1.307
0.6682845442135598,0.0,0.49638118214716526,0.25,0.3333333333333333,0.654431322481115,2.149
0.6208099499469134,0.319207738369415,0.5681544028950543,0.0,0.16666666666666666,0.4445153739759549,3.025
0.5376914909752768,0.06172270842929527,0.6272617611580218,0.0,0.0,0.39195659112671566,2.425
0.8269376611557713,0.581759557807462,0.5630277442702051,0.25,0.6666666666666666,0.5993190764974998,9.612
0.5995753071439406,0.16444035006909258,0.7539203860072377,0.0,0.0,0.2514097244387701,1.771
0.48141968754739883,0.18654997696913866,0.6176115802171291,0.25,0.16666666666666666,0.4013192892860943,4.603
0.5345062945548309,0.4481805619530171,0.6737032569360676,0.0,0.3333333333333333,0.4261091605489946,5.311
0.6963446079174883,0.319207738369415,0.6341978287092884,0.0,0.3333333333333333,0.5530375571869349,4.713
0.6473532534506294,0.10271764163979734,0.5265379975874548,0.75,0.3333333333333333,0.5776146398553038,4.32
0.6523585621113303,0.319207738369415,0.6462605548854042,0.0,0.3333333333333333,0.4921800191509735,4.051
0.39966631275595327,0.15246430216490098,0.689686369119421,0.0,0.0,0.19480795829343547,1.47
0.46958895798574246,0.18654997696913866,0.7005428226779252,0.0,0.16666666666666666,0.369188211511863,2.583
0.5605945699984832,0.15246430216490098,0.6764173703256936,0.0,0.0,0.34024896265560167,2.474
0.6479599575307144,0.0,0.4662243667068757,0.0,0.0,0.6858176401744867,4.51
0.4081601698771424,0.3823122984799632,0.6504825090470446,0.0,0.0,0.5436748590275561,3.007
0.5601395419384195,0.18654997696913866,0.586248492159228,0.0,0.16666666666666666,0.45292052345994255,2.84
0.6262702866676779,0.18654997696913866,0.6372135102533173,0.0,0.16666666666666666,0.5260134056814555,4.557
0.6576672228120735,0.10271764163979734,0.6556091676718938,0.0,0.0,0.5487817852963082,3.604
0.541028363415744,0.5872869645324735,0.3947527141133897,0.0,0.16666666666666666,0.6870943717416748,6.564
0.6823904140755346,0.10271764163979734,0.598009650180941,0.0,0.0,0.6795403766358125,4.41
0.751099651145154,0.06172270842929527,0.635102533172497,0.0,0.0,0.6757101819342484,5.38
0.58107083270135,0.9415016121602949,0.36972255729794934,0.0,0.16666666666666666,0.8294499414831366,6.113
0.6065524040649173,0.06172270842929527,0.5096501809408926,0.0,0.0,0.5453771677838067,3.374
0.45669649628393755,0.2680792261630585,0.5989143546441497,0.0,0.0,0.4629215874029152,3.109
0.6097376004853633,0.3933671119299862,0.7056694813027744,0.0,0.0,0.4448345568677519,2.451
0.5551342332777188,0.3735605711653616,0.4909529553679132,0.0,0.3333333333333333,0.300563889775508,5.395
0.5431518276960413,0.3675725472132658,0.4134499396863691,0.0,0.16666666666666666,0.5957016703904672,4.109
0.5730320036402246,0.15246430216490098,0.42430639324487335,0.0,0.16666666666666666,0.5240983083306735,3.25
0.5223722129531321,0.2579456471672041,0.4592882991556092,0.25,0.0,0.4593041812958826,4.767
0.5847110571818596,0.5444495624136343,0.49457177322074797,0.0,0.16666666666666666,0.5031386317693373,5.012
0.576520552100713,0.10271764163979734,0.517189384800965,0.0,0.0,0.4978189169060539,2.739
0.634157439708782,0.06172270842929527,0.4420989143546442,0.25,0.0,0.6595382487498671,7.809
0.6223267101471257,0.15246430216490098,0.40621230398069963,0.0,0.0,0.6032556654963295,4.338
0.4374336417412408,0.4016582220175035,0.3832931242460796,0.0,0.0,0.4950526651771465,4.182
0.5894130138025179,0.18654997696913866,0.603437876960193,0.0,0.0,0.381955527183743,1.134
0.6540269983315639,0.10271764163979734,0.46773220747889027,0.0,0.0,0.6371954463240771,5.178
0.5084180191111786,0.18654997696913866,0.4647165259348613,0.0,0.0,0.43940844770720294,3.219
0.5084180191111786,0.18654997696913866,0.4647165259348613,0.0,0.0,0.43940844770720294,3.11
0.5502806006370393,0.18654997696913866,0.5379975874547648,0.0,0.0,0.4749441429939356,3.07
0.6350674958289095,0.10271764163979734,0.5989143546441497,0.0,0.0,0.5070752207681669,2.883
0.7122705900197178,0.44449562413634275,0.640832328106152,0.0,0.0,0.7364613256729441,4.451
0.3867738510541483,0.3274988484569323,0.46984318455971047,0.0,0.0,0.37089052026811364,2.924
0.6217200060670408,0.29387379087977894,0.5370928829915561,0.0,0.16666666666666666,0.4620704330247899,5.339
0.6121644168057031,0.06172270842929527,0.6061519903498191,0.0,0.0,0.4756889030747952,2.226
0.6051873198847263,0.5674804237678489,0.4613992762364294,0.0,0.0,0.7544419619108416,6.5
0.6669194600333688,0.3818516812528789,0.5904704463208686,0.0,0.16666666666666666,0.6453878072135334,4.732
0.3788866980130442,0.5444495624136343,0.69270205066345,0.0,0.3333333333333333,0.3236514522821577,1.234
0.7292583042620961,0.06172270842929527,0.4873341375150785,0.0,0.0,0.8210447919991489,6.233
0.5615046261186106,0.10271764163979734,0.7047647768395658,0.0,0.0,0.4354718587083733,2.107
0.6261186106476566,0.10271764163979734,0.45717732207478895,0.0,0.0,0.6061283115225025,4.47
0.6876990747762779,0.0,0.5416164053075995,0.5,0.0,0.6961378870092563,5.678
0.3609889276505384,0.5057577153385537,0.6477683956574186,0.0,0.0,0.2752420470262794,3.046
0.4714090702259972,0.40534315983417785,0.5838359469240049,0.0,0.3333333333333333,0.31290562825832535,4.92
0.34900652206886096,0.32842008291110086,0.47828709288299154,0.0,0.0,0.4465368656240026,2.782
0.575913848020628,0.19760479041916168,0.38480096501809413,0.0,0.0,0.5918714756889031,5.229
0.38722887911421205,0.5310916628281899,0.2771411338962606,0.0,0.0,0.6194275986807107,4.737
0.38722887911421205,0.5135882081989867,0.3163449939686369,0.0,0.0,0.5883604638791361,4.342
0.659942363112392,0.5872869645324735,0.44270205066345,0.0,0.16666666666666666,0.8137035854878178,7.691
0.7777946306688913,0.18654997696913866,0.46290711700844395,0.0,0.16666666666666666,0.790722417278434,4.727
0.569391779159715,0.10271764163979734,0.4089264173703257,0.25,0.0,0.5643153526970955,3.979
0.6808736538753223,0.0,0.4586851628468034,0.25,0.0,0.7370996914565379,5.51
0.573335355680267,0.7337632427452787,0.517189384800965,0.25,0.16666666666666666,0.7364613256729441,6.143
0.4902168967086304,0.20819898664210043,0.5805186972255729,0.0,0.0,0.3325885732524737,2.115
0.4374336417412408,0.38922155688622756,0.35856453558504225,0.25,0.0,0.5652729013724864,5.189
0.5486121644168057,0.8162137263933672,0.5268395657418576,0.0,0.6666666666666666,0.6377274178104054,5.383
0.6171697254664038,0.22846614463380932,0.5566948130277444,0.25,0.0,0.5563357804021705,4.557
0.6499317457909904,0.3878397052049747,0.6278648974668275,0.0,0.3333333333333333,0.4835620810724546,5.184
0.6491733656908844,0.6153846153846154,0.37243667068757536,0.0,0.0,0.5684647302904565,4.886
0.6682845442135598,0.0,0.48250904704463216,0.0,0.16666666666666666,0.6658155122885414,5.434
0.44259062642196273,0.6913864578535237,0.48039806996381185,0.0,0.0,0.7526332588573253,5.632
0.47338085848627337,0.49516351911561496,0.40621230398069963,0.0,0.0,0.5578253005638899,6.317
0.43728196572121947,0.2680792261630585,0.5075392038600723,0.0,0.0,0.4629215874029152,2.74
0.6051873198847263,0.5674804237678489,0.4613992762364294,0.0,0.0,0.7544419619108416,6.525
0.4236311239193084,0.3823122984799632,0.5582026537997588,0.0,0.16666666666666666,0.5684647302904565,5.82
0.38722887911421205,0.45508982035928147,0.34981905910735833,0.0,0.0,0.5561229918076392,3.889
0.5827392689215835,0.39567019806540765,0.7512062726176116,0.0,0.0,0.5824023832322588,4.095
0.6534202942514789,0.5490557346844772,0.5660434258142341,0.0,0.16666666666666666,0.6430471326736888,5.052
0.4074017897770362,0.6066328880700138,0.5078407720144753,0.0,0.0,0.5929354186615599,4.368
0.6637342636129229,0.6315062183325657,0.5651387213510254,0.0,0.16666666666666666,0.7227364613256729,5.568
0.47717275898680417,0.4085674804237679,0.40711700844390836,0.0,0.0,0.49281838493456753,4.458
0.6409828606097376,0.10271764163979734,0.5295536791314838,0.0,0.0,0.5670816044260029,3.458
0.7154557864401637,0.319207738369415,0.5358866103739446,0.0,0.3333333333333333,0.6917757208213641,5.667
0.5925982102229638,0.2579456471672041,0.3875150784077202,0.0,0.0,0.5423981274603682,4.544
0.8336114060367056,0.15246430216490098,0.5781061519903498,1.0,0.6666666666666666,0.7930630918182787,6.347
0.4165023509783104,0.45508982035928147,0.37153196622436674,0.0,0.16666666666666666,0.5708054048303012,2.608
0.7134839981798877,0.06172270842929527,0.5907720144752715,0.0,0.0,0.7117778487073093,5.18
0.42529956013954195,0.10271764163979734,0.4749698431845598,0.0,0.0,0.37652941802319395,3.779
0.6200515698468072,0.26715799170888993,0.6320868516284681,0.0,0.16666666666666666,0.4738802000212789,5.029
0.29516153496132264,0.6112390603408567,0.5066344993968638,0.0,0.0,0.5409086072986488,4.697
0.5944183224632185,0.2298479963150622,0.37032569360675516,0.0,0.0,0.776678370039366,4.674
0.5944183224632185,0.2298479963150622,0.37032569360675516,0.0,0.0,0.776678370039366,4.384
0.6682845442135598,0.0,0.33051869722557303,0.0,0.0,0.8132780082987553,7.346
0.4941604732291825,0.15246430216490098,0.6106755126658625,0.0,0.0,0.39982976912437496,2.395
0.4224177157591385,0.44035006909258406,0.6148974668275031,0.0,0.0,0.09086072986487927,3.638
0.5977551949036857,0.5591893136803316,0.42430639324487335,0.0,0.0,0.6591126715608044,6.54
0.4870317002881845,0.10271764163979734,0.4948733413751508,0.0,0.0,0.4200446856048516,3.38
0.41665402699833154,0.3519115614923998,0.3570566948130278,0.0,0.0,0.46792211937440154,4.961
0.5258607614136205,0.319207738369415,0.44843184559710497,0.0,0.16666666666666666,0.45972975848494524,3.603
0.6927043834369786,0.19760479041916168,0.5934861278648975,0.0,0.16666666666666666,0.5512288541334185,3.842
0.5830426209616261,0.422846614463381,0.6981302774427021,0.0,0.0,0.5229279710607512,4.116
0.4213559836189899,0.6803316444035008,0.5108564535585043,0.0,0.0,0.649962761995957,5.73
0.6485666616107993,0.3735605711653616,0.48371531966224374,0.0,0.0,0.656984785615491,4.38
0.5957834066434097,0.15246430216490098,0.7367310012062727,0.0,0.16666666666666666,0.40419193531226727,4.182
0.6138328530259366,0.32335329341317365,0.5799155609167672,0.0,0.16666666666666666,0.4748377486966699,3.841
0.5285909297740028,0.40534315983417785,0.5681544028950543,0.0,0.0,0.43259921268220025,3.726
0.4715607462460185,0.4302164900967297,0.4161640530759952,0.0,0.16666666666666666,0.6535801681029897,4.208
0.6517518580312452,0.06172270842929527,0.5645355850422196,0.0,0.0,0.6641132035322908,4.305
0.7890186561504626,0.2579456471672041,0.46230398069963813,0.25,0.3333333333333333,0.76774124906905,8.571
0.6708630365539209,0.0,0.4101326899879373,0.0,0.0,0.7568890307479521,4.425
0.43455179736083727,0.3675725472132658,0.3576598311218335,0.0,0.16666666666666666,0.5255878284923928,3.328
0.5803124526012436,0.44449562413634275,0.5971049457177322,0.0,0.3333333333333333,0.4261091605489946,3.77
0.535264674654937,0.47489636112390604,0.6706875753920387,0.0,0.5,0.25758059368017877,4.512
0.7262247838616716,0.3818516812528789,0.5871531966224367,0.0,0.16666666666666666,0.7231620385147356,5.653
0.4513878355831943,0.41777982496545374,0.382086851628468,0.0,0.0,0.6309181827854027,3.775
0.6608524192325194,0.10271764163979734,0.43968636911942105,0.0,0.0,0.5968720076603894,3.599
0.5989686030638556,0.2579456471672041,0.6468636911942099,0.0,0.3333333333333333,0.4256835833599319,3.757
0.6267253147277415,1.0,0.3872135102533173,0.0,0.0,1.0,3.623
0.5944183224632185,0.10271764163979734,0.4442098914354644,0.0,0.0,0.5738908394510055,4.22
0.720764447140907,0.06172270842929527,0.566344993968637,0.0,0.0,0.7573146079370147,5.63
0.5146367359320491,0.22846614463380932,0.4535585042219542,0.0,0.16666666666666666,0.4196191084157889,3.1
0.4165023509783104,0.45508982035928147,0.37153196622436674,0.0,0.16666666666666666,0.5708054048303012,3.298
0.6876990747762779,0.06172270842929527,0.4734620024125452,0.0,0.0,0.6670922438557293,4.064
0.6062490520248749,0.2579456471672041,0.5883594692400483,0.0,0.3333333333333333,0.417704011065007,3.691
0.45062945548308814,0.4735145094426532,0.45838359469240053,0.0,0.0,0.5656984785615492,4.635
0.6610040952525406,0.3274988484569323,0.44300361881785283,0.0,0.3333333333333333,0.4926055963400362,5.472
0.6051873198847263,0.18654997696913866,0.47225572979493363,0.0,0.3333333333333333,0.5826151718267901,4.577
0.632185651448506,0.18654997696913866,0.5974065138721351,0.25,0.16666666666666666,0.5483562081072455,5.147
0.4946155012892462,0.11561492399815754,0.37907117008443914,0.0,0.0,0.48558357272050223,3.112
0.6138328530259366,0.4025794564716721,0.39173703256936065,0.0,0.16666666666666666,0.6456005958080647,5.278
0.6065524040649173,0.06172270842929527,0.3935464414957781,0.0,0.0,0.6314501542717311,4.891
0.643864704990141,0.22846614463380932,0.5434258142340169,0.0,0.16666666666666666,0.5612299180763912,4.32
0.5345062945548309,0.6545370796867803,0.8075995174909529,0.0,0.0,0.5576125119693585,4.295
0.5006825420900956,0.10271764163979734,0.4025934861278649,0.0,0.0,0.5019682944994148,3.926
0.531321098134385,0.856748042376785,0.4348612786489747,0.0,0.3333333333333333,0.78050856474093,8.207
0.5833459730016685,0.0,0.362183353437877,0.0,0.0,0.6253856793275882,4.154
0.6453814651903534,0.11561492399815754,0.5735826296743065,0.0,0.0,0.47324183423768496,3.57
0.5601395419384195,0.11561492399815754,0.7720144752714114,0.0,0.0,0.34024896265560167,1.812
0.6682845442135598,0.0,0.4695416164053076,0.0,0.0,0.7782742844983509,5.68
0.5493705445169118,0.15246430216490098,0.5153799758745476,0.0,0.0,0.376210235131397,2.961
0.3808584862733202,0.5872869645324735,0.36188178528347414,0.0,0.0,0.6376210235131398,6.72
0.7677840133474897,0.06172270842929527,0.5856453558504223,0.0,0.0,0.8016810298967976,6.484
0.5756104959805854,0.32842008291110086,0.35977080820265384,0.0,0.16666666666666666,0.734227045430365,5.039
0.4677688457454876,0.4735145094426532,0.46984318455971047,0.0,0.16666666666666666,0.6462389615916587,4.169
0.5645381465190354,0.586365730078305,0.4607961399276237,0.0,0.0,0.6186828385998511,5.393
0.49916578188988325,0.7466605251036389,0.5723763570566949,0.0,0.0,0.648686030428769,6.314
0.6223267101471257,0.5642561031782589,0.6740048250904704,0.0,0.0,0.5253750398978615,5.087
0.468678901865615,0.437125748502994,0.4662243667068757,0.0,0.0,0.5132460900095756,2.44
0.4876384043682694,0.43620451404882543,0.43636911942098916,0.25,0.0,0.48345568677518885,3.588
0.5026543303503717,0.5923537540304008,0.5048250904704463,0.0,0.0,0.4772848175337802,4.508
0.5859244653420295,0.6356517733763243,0.49155609167671893,0.0,0.0,0.44738802000212796,6.018
0.6135295009858941,0.6356517733763243,0.49638118214716526,0.0,0.0,0.4828173209915949,4.854
0.46458364932504165,0.7337632427452787,0.5268395657418576,0.0,0.0,0.6600702202361953,6.023
0.4019414530562719,0.7894979272224781,0.7542219541616405,0.0,0.0,0.5577189062666241,5.062
0.7209161231609282,0.20819898664210043,0.6752110977080821,0.0,0.0,0.34620704330247903,3.463
0.6097376004853633,0.18654997696913866,0.5470446320868517,0.25,0.16666666666666666,0.5066496435791041,5.018
0.5825875929015623,0.7305389221556887,0.39384800965018096,0.5,0.3333333333333333,0.8772209809554208,7.382
0.6421962687699074,0.3274988484569323,0.5720747889022919,0.25,0.5,0.49398872220448986,4.043
0.6458364932504171,0.26715799170888993,0.6275633293124246,0.0,0.16666666666666666,0.5037769975529311,4.117
0.6790535416350676,0.4721326577614003,0.43757539203860074,0.0,0.3333333333333333,0.32971592722630066,3.838
0.6033672076444714,0.4477199447259328,0.7852834740651388,0.0,0.5,0.2892860942653474,4.244
0.202335810708327,0.4744357438968218,0.3926417370325694,0.0,0.0,0.4200446856048516,5.558
0.7046867890186561,0.6015660985720866,0.5428226779252111,0.0,0.16666666666666666,0.8575380359612726,4.239
0.535264674654937,0.7093505297098113,0.48914354644149577,0.0,0.0,0.7213533354612193,6.171
0.43227665706051865,0.4283740211883925,0.37454764776839566,0.0,0.0,0.45526119799978726,4.739
0.5167602002123465,0.4790419161676647,0.6028347406513873,0.0,0.16666666666666666,0.5883604638791361,4.215
0.5563476414378887,0.29986181483187474,0.3549457177322075,0.0,0.0,0.754016384721779,5.262
0.6135295009858941,0.6356517733763243,0.49638118214716526,0.0,0.0,0.4828173209915949,5.933
0.6396177764295464,0.5444495624136343,0.609167671893848,0.0,0.0,0.5656984785615492,4.811
0.755043227665706,0.6890833717181023,0.4101326899879373,0.0,0.0,0.68156186828386,5.19
0.6452297891703322,0.3109166282818978,0.7551266586248493,0.0,0.0,0.5756995425045218,3.656
0.5399666312755953,0.5693228926761861,0.39294330518697224,0.0,0.0,0.7156080434088733,6.047
0.6924010313969362,0.4085674804237679,0.5566948130277444,0.0,0.0,0.7394403659963826,5.999
0.6585772789322007,0.7913403961308153,0.49577804583835955,0.0,0.0,0.6437918927545484,4.136
0.5284392537539815,0.4661446338093045,0.5781061519903498,0.0,0.5,0.18246621981061814,2.069
0.6983163961777643,0.35099032703823124,0.6344993968636913,0.0,0.0,0.4286626236833706,3.297
0.3992112846958896,0.4735145094426532,0.34921592279855246,0.0,0.0,0.5319714863283328,5.303
0.5287426057940239,0.3371718102257025,0.5666465621230399,0.0,0.0,0.4895201617193319,2.941
0.4074017897770362,0.6066328880700138,0.3516284680337756,0.0,0.0,0.6916693265240983,5.93
0.377521613832853,0.31368033164440356,0.3588661037394451,0.0,0.0,0.5552718374295138,3.696
0.5452752919763385,0.5209580838323353,0.3932448733413752,0.0,0.3333333333333333,0.6800723481221407,5.86
0.47717275898680417,0.4085674804237679,0.40711700844390836,0.0,0.0,0.49281838493456753,4.119
0.6764750492947065,0.06172270842929527,0.39987937273823887,0.0,0.0,0.7381636344291947,6.038
0.6138328530259366,0.8056195301704285,0.46170084439083237,0.0,0.16666666666666666,0.6584743057772104,4.951
0.7353253450629456,0.262551819438047,0.5364897466827503,0.0,0.0,0.7727417810405363,6.213
0.44956772334293954,0.35099032703823124,0.3600723763570567,0.0,0.0,0.6091073518459411,3.555
0.43576520552100717,0.5988023952095809,0.5295536791314838,0.0,0.0,0.5591020321310778,4.739
0.6179281055665099,0.7130354675264856,0.617913148371532,0.0,0.0,0.4286626236833706,6.258
0.3808584862733202,0.5872869645324735,0.36188178528347414,0.0,0.0,0.6376210235131398,6.784
0.43728196572121947,0.17918010133579,0.359469240048251,0.0,0.0,0.5146292158740292,3.751
0.7642954648870013,0.06172270842929527,0.49758745476477684,0.0,0.0,0.8748803064155762,6.569
0.5660549067192477,0.4970059880239521,0.3682147165259349,0.0,0.0,0.8890307479519098,6.882
0.37206127711208864,0.32335329341317365,0.445416164053076,0.0,0.0,0.1722523672731142,8.132
0.3867738510541483,0.42192538000921237,0.4834137515078409,0.0,0.16666666666666666,0.4332375784657943,1.153
0.42120430759896865,0.3560571165361585,0.35253317249698435,0.0,0.16666666666666666,0.5802744972869455,3.36
0.400728044896102,0.369415016121603,0.3531363088057901,0.25,0.0,0.6046387913607831,4.227
0.651600182011224,0.10271764163979734,0.36127864897466827,0.0,0.0,0.6867751888498778,4.269
0.4513878355831943,0.41777982496545374,0.382086851628468,0.0,0.0,0.6309181827854027,3.782
0.6041255877445776,0.10271764163979734,0.5931845597104947,0.25,0.0,0.4978189169060539,3.854
0.7416957379038374,0.29387379087977894,0.4562726176115802,0.0,0.16666666666666666,0.6852856686881583,8.169
0.6067040800849386,0.18654997696913866,0.4098311218335344,0.25,0.0,0.6232577933822748,5.63
0.6698013044137723,0.15246430216490098,0.5048250904704463,0.0,0.0,0.6018725396318758,4.777
0.6094342484453208,0.36711192998618153,0.8600723763570567,0.5,0.0,0.28588147675284603,3.903
0.5710602153799483,0.4283740211883925,0.44360675512665865,0.0,0.0,0.5943185445260135,5.65
0.6675261641134537,0.10271764163979734,0.5337756332931243,0.0,0.0,0.6963506756037877,5.159
0.5672683148794176,0.6877015200368495,0.5051266586248492,0.0,0.0,0.7044366421959785,6.645
0.5939632944031549,0.9539382772915709,0.5196019300361882,0.0,0.0,0.726885838919034,6.446
0.42529956013954195,0.10271764163979734,0.5340772014475271,0.75,0.0,0.36514522821576767,4.865
0.745335962384347,0.26715799170888993,0.5295536791314838,0.5,0.16666666666666666,0.6326204915416535,5.066
0.46139845290459575,0.47259327498848464,0.4481302774427021,0.0,0.16666666666666666,0.578465794233429,3.895
0.34900652206886096,0.32842008291110086,0.47828709288299154,0.0,0.0,0.4465368656240026,2.056
0.4513878355831943,0.35099032703823124,0.3742460796139928,0.25,0.0,0.4229173316310246,3.601
0.5894130138025179,0.3735605711653616,0.4592882991556092,0.0,0.0,0.5838919033939781,4.257
0.7389655695434552,0.696453247351451,0.4348612786489747,0.0,0.3333333333333333,0.5313331205447388,5.002
0.4409221902017291,0.18654997696913866,0.4822074788902293,0.0,0.0,0.27322055537823176,2.286
0.43986045806158053,0.2118839244587748,0.3573582629674307,0.25,0.0,0.5415469730822429,4.96
0.5925982102229638,0.319207738369415,0.5678528347406514,0.25,0.0,0.4134482391743803,3.598
0.44956772334293954,0.35099032703823124,0.3600723763570567,0.0,0.0,0.6091073518459411,3.608
0.4612467768845746,0.3735605711653616,0.36580217129071174,0.25,0.0,0.6091073518459411,5.277
0.49067192476869415,0.17918010133579,0.42460796139927626,0.0,0.0,0.5511224598361528,3.513
0.6675261641134537,0.10271764163979734,0.506031363088058,0.0,0.0,0.5730396850728801,3.387
0.6473532534506294,0.10271764163979734,0.49758745476477684,0.0,0.16666666666666666,0.5576125119693585,3.141
0.5683300470195662,0.18654997696913866,0.6046441495778045,0.0,0.3333333333333333,0.4790935205872966,3.528
0.6675261641134537,0.10271764163979734,0.5494571773220749,0.0,0.0,0.5730396850728801,3.18
0.7885636280903989,0.18654997696913866,0.4779855247285887,0.25,0.6666666666666666,0.8004042983296096,5.307
0.7570150159259821,0.0,0.482810615199035,0.0,0.16666666666666666,0.8109373337589106,4.302
0.5683300470195662,0.10271764163979734,0.5603136308805791,0.25,0.0,0.4602617299712735,3.518
0.5672683148794176,0.319207738369415,0.5530759951749096,0.0,0.3333333333333333,0.39057346526226194,1.055
0.39875625663582587,0.6195301704283741,0.3555488540410133,0.0,0.0,0.6916693265240983,5.752
0.614742909146064,0.11561492399815754,0.4888419782870929,0.0,0.0,0.47558250877752956,3.086
0.47247080236614597,0.29387379087977894,0.39716525934861285,0.0,0.0,0.4878178529630812,3.521
0.5941149704231761,0.0,0.4059107358262968,0.0,0.0,0.6535801681029897,3.926
0.5295009858941301,0.10271764163979734,0.43636911942098916,0.0,0.0,0.49845728268964784,3.168
0.576520552100713,0.10271764163979734,0.47919179734620027,0.0,0.0,0.4715395254814343,2.692
0.5728803276202032,0.0,0.44481302774427023,0.5,0.0,0.5643153526970955,3.974
0.4513878355831943,0.35099032703823124,0.4565741857659832,0.0,0.3333333333333333,0.2931162889669114,2.715
0.5865311694221144,0.3274988484569323,0.49185765983112195,0.0,0.5,0.3897223108841366,2.681
0.6073107841650236,0.6646706586826349,0.3947527141133897,0.0,0.0,0.9628683902542825,7.429
0.41619899893826784,0.5693228926761861,0.3694209891435465,0.0,0.16666666666666666,0.6747526332588575,4.424
0.417564083118459,0.15246430216490098,0.48763570566948133,0.25,0.0,0.3220555378231727,3.815
0.6623691794327317,0.10271764163979734,0.5886610373944512,0.0,0.16666666666666666,0.5670816044260029,3.662
0.24753526467465495,0.3371718102257025,0.5292521109770808,0.0,0.16666666666666666,0.35312267262474734,3.481
0.43227665706051865,0.4283740211883925,0.37454764776839566,0.0,0.0,0.45526119799978726,4.224
0.40922190201729114,0.22846614463380932,0.7080820265379976,0.0,0.16666666666666666,0.2320459623364188,1.231
0.4694372819657212,0.44035006909258406,0.9062123039806996,0.0,0.0,0.3188637089052027,1.301
0.6883057788563629,0.3818516812528789,0.589264173703257,0.0,0.16666666666666666,0.6287902968400895,4.539
0.5631730623388442,0.0,0.5214113389626056,0.0,0.3333333333333333,0.5570805404830301,4.075
0.7885636280903989,0.18654997696913866,0.4779855247285887,0.5,0.5,0.8004042983296096,5.104
0.4406188381616867,0.6969138645785352,0.7460796139927623,0.0,0.0,0.3588679646770933,4.513
0.5320794782344911,0.40534315983417785,0.6335946924004825,0.0,0.5,0.330886264496223,1.647
0.7125739420597603,0.5126669737448181,0.45295536791314844,0.25,0.3333333333333333,0.7940206404936695,7.64
0.47717275898680417,0.4085674804237679,0.40711700844390836,0.0,0.0,0.49281838493456753,4.912
0.5944183224632185,0.10271764163979734,0.4442098914354644,0.0,0.0,0.5738908394510055,4.02
0.41877749127862884,0.3809304467987103,0.3787696019300362,0.0,0.0,0.5075007979572295,5.449
0.5149400879720917,0.06172270842929527,0.39776839565741856,0.0,0.0,0.5304819661666135,3.42
0.5295009858941301,0.10271764163979734,0.4209891435464415,0.25,0.0,0.5304819661666135,3.36
0.5517973608372516,0.4477199447259328,0.4978890229191797,0.0,0.3333333333333333,0.5251622513033302,4.565
0.4768694069467617,0.18654997696913866,0.38359469240048255,0.0,0.16666666666666666,0.4877114586658155,2.474
0.4010313969361444,0.5122063565177338,0.38510253317249704,0.0,0.0,0.5589956378338121,4.798
0.47110571818595476,0.4283740211883925,0.3980699638118215,0.0,0.0,0.49281838493456753,5.007
0.5636280903989079,0.35099032703823124,0.4987937273823884,0.0,0.3333333333333333,0.5192041706564529,4.369
0.6745032610344305,0.0,0.4758745476477684,0.0,0.0,0.7168847749760613,4.938
0.5894130138025179,0.3735605711653616,0.4665259348612787,0.0,0.0,0.5838919033939781,3.397
0.4795995753071439,0.2579456471672041,0.3712303980699638,0.0,0.16666666666666666,0.4816469837216726,1.969
0.5601395419384195,0.18654997696913866,0.6583232810615199,0.0,0.16666666666666666,0.45292052345994255,2.551
0.5372364629152131,0.2680792261630585,0.8163449939686369,0.0,0.0,0.4756889030747952,3.075
0.4236311239193084,0.3823122984799632,0.3905307599517491,0.0,0.0,0.6768805192041707,4.263
0.3497649021689671,0.3823122984799632,0.5551869722557299,0.5,0.0,0.5282476859240345,5.05
0.6576672228120735,0.2238599723629664,0.5337756332931243,0.0,0.0,0.656984785615491,4.61
0.6485666616107993,0.3735605711653616,0.48371531966224374,0.0,0.0,0.656984785615491,4.469
0.4545730320036402,0.4292952556425611,0.4001809408926417,0.0,0.16666666666666666,0.5759123310990532,4.559
0.48672834824814193,0.19760479041916168,0.689686369119421,0.0,0.0,0.366634748377487,2.12
0.4736842105263158,0.15246430216490098,0.3832931242460796,0.0,0.16666666666666666,0.4445153739759549,2.263
0.5834976490216898,0.5900506678949793,0.4951749095295537,0.0,0.0,0.5719757421002234,4.963
0.47762778704686787,0.6001842468908337,0.5461399276236429,0.0,0.0,0.3680178742419406,4.919
0.5135750037919006,0.41040994933210506,0.8106151990349819,0.0,0.0,0.5132460900095756,3.289
0.5596845138783559,0.2579456471672041,0.4716525934861279,0.0,0.16666666666666666,0.4930311735290989,3.379
0.44259062642196273,0.29387379087977894,0.382086851628468,0.25,0.0,0.47813597191190554,4.021
0.8413468830577885,0.06172270842929527,0.6782267792521111,0.0,0.0,0.5427173103521652,4.77
0.41665402699833154,0.41040994933210506,0.36550060313630883,0.0,0.0,0.5971911905521864,4.41
0.5373881389352344,0.42745278673422393,0.5331724969843186,0.0,0.16666666666666666,0.49164804766464526,6.148
0.44259062642196273,0.29387379087977894,0.382086851628468,0.25,0.0,0.47813597191190554,4.175
0.7289549522220538,0.22846614463380932,0.5506634499396864,0.0,0.16666666666666666,0.754335567613576,5.767
0.4230244198392234,0.7466605251036389,0.5750904704463209,0.0,0.0,0.5877220980955421,5.677
0.7171242226603973,0.06172270842929527,0.6194209891435464,0.0,0.0,0.2755612299180764,3.151
0.5663582587592901,0.5923537540304008,0.5141737032569361,0.0,0.0,0.5433556761357591,5.318
0.4234794478992871,0.3362505757715339,0.5829312424607961,0.0,0.0,0.40078731779976595,3.007
0.6247535264674655,0.15246430216490098,0.4505428226779253,0.0,0.16666666666666666,0.5770826683689754,3.742
0.47717275898680417,0.4085674804237679,0.40711700844390836,0.0,0.0,0.49281838493456753,5.341
0.6362809039890793,0.8014739751266698,0.5078407720144753,0.0,0.0,0.37344398340248963,5.466
0.526164113453663,0.10271764163979734,0.6019300361881785,0.0,0.16666666666666666,0.4200446856048516,1.999
0.6485666616107993,0.3735605711653616,0.48371531966224374,0.0,0.0,0.656984785615491,4.247
0.586227817382072,0.18654997696913866,0.5413148371531966,0.0,0.0,0.5086711352271518,3.874
0.5392082511754891,0.11561492399815754,0.6534981905910736,0.0,0.0,0.45558038089158426,2.983
0.7750644623085089,0.11561492399815754,0.5075392038600723,1.0,0.5,0.7806149590381956,6.483
0.3716062490520249,0.262551819438047,0.477382388419783,0.25,0.0,0.5231407596552825,6.064
0.45502806006370394,0.11561492399815754,0.8211700844390832,0.0,0.0,0.2812001276731567,3.884
0.6359775519490368,0.3274988484569323,0.5977080820265381,0.0,0.5,0.4737738057240132,3.66
0.6359775519490368,0.3274988484569323,0.600723763570567,0.0,0.5,0.38738163634429196,3.423
0.4600333687244047,0.18654997696913866,0.6426417370325694,0.0,0.0,0.2500265985743164,0.242
0.48157136356742,0.26715799170888993,0.4031966224366707,0.0,0.0,0.4878178529630812,3.799
0.7740027301683603,0.3519115614923998,0.4894451145958988,0.0,0.16666666666666666,0.8662623683370572,5.412
0.7618686485666616,0.4735145094426532,0.48854041013269006,0.0,0.16666666666666666,0.9176508139163742,5.758
0.43227665706051865,0.4283740211883925,0.37454764776839566,0.0,0.0,0.45526119799978726,3.666
0.5580160776581223,0.10271764163979734,0.4279252110977081,0.0,0.0,0.5401638472177892,3.751
0.48157136356742,0.26715799170888993,0.4031966224366707,0.0,0.0,0.4878178529630812,3.799
0.5718185954800546,0.06172270842929527,0.42581423401688784,0.0,0.0,0.5401638472177892,3.21
0.5637797664189291,0.18654997696913866,0.3811821471652594,0.25,0.5,0.5444196191084159,6.195
0.49325041710905504,0.7305389221556887,0.5271411338962606,0.0,0.0,0.7422066177252898,6.551
0.39875625663582587,0.6195301704283741,0.3555488540410133,0.0,0.0,0.6916693265240983,5.352
0.577885636280904,0.06172270842929527,0.6142943305186972,0.0,0.0,0.4354718587083733,2.264
0.5263157894736842,0.6913864578535237,0.45838359469240053,0.0,0.0,0.738057240131929,5.385
0.4236311239193084,0.45002303086135426,0.35193003618817853,0.0,0.0,0.7106075114373871,4.762
0.7885636280903989,0.18654997696913866,0.4779855247285887,0.5,0.3333333333333333,0.8004042983296096,5.541
0.48460488396784474,0.26715799170888993,0.5105548854041013,0.0,0.0,0.47058197680604325,3.025
0.5718185954800546,0.06172270842929527,0.42581423401688784,0.0,0.0,0.5401638472177892,3.651
0.5821325648414986,0.06172270842929527,0.4779855247285887,0.25,0.0,0.5643153526970955,3.569
0.5718185954800546,0.06172270842929527,0.42581423401688784,0.0,0.0,0.5401638472177892,3.22
0.4736842105263158,0.2947950253339475,0.4019903498190592,0.0,0.0,0.5686775188849877,4.286
0.5956317306233884,0.11561492399815754,0.5075392038600723,0.0,0.16666666666666666,0.5189913820619215,2.745
0.526164113453663,0.10271764163979734,0.6019300361881785,0.25,0.0,0.4200446856048516,4.423
0.5683300470195662,0.10271764163979734,0.5968033775633294,0.0,0.16666666666666666,0.4602617299712735,2.369
0.5631730623388442,0.0,0.5214113389626056,1.0,0.0,0.5570805404830301,3.614
0.4374336417412408,0.3035467526485491,0.3570566948130278,0.0,0.0,0.49388232790722414,3.727
0.7470043986045806,0.10271764163979734,0.5832328106151992,0.0,0.16666666666666666,0.786253856793276,5.741
0.8166236917943273,0.10271764163979734,0.5078407720144753,0.25,0.16666666666666666,0.8179593573784446,6.384
0.577885636280904,0.06172270842929527,0.6142943305186972,0.0,0.0,0.4354718587083733,2.487
0.6203549218868497,0.5481345002303086,0.7204463208685163,0.0,0.6666666666666666,0.16235769762740718,3.689
0.6065524040649173,0.06172270842929527,0.4414957780458384,0.0,0.0,0.5453771677838067,3.806
0.5179736083725163,0.10271764163979734,0.7370325693606755,0.0,0.0,0.39195659112671566,1.462
0.7283482481419687,0.26715799170888993,0.5003015681544029,0.25,0.3333333333333333,0.6158101925736781,5.538
0.6297588351281662,0.10271764163979734,0.6061519903498191,0.0,0.0,0.5132460900095756,2.853
0.4617018049446382,0.3809304467987103,0.40229191797346203,0.0,0.0,0.5450579848920097,5.005
0.48157136356742,0.26715799170888993,0.4031966224366707,0.0,0.0,0.4878178529630812,3.483
0.4617018049446382,0.3809304467987103,0.40229191797346203,0.0,0.0,0.5450579848920097,3.991
0.6038222357045351,0.15246430216490098,0.47316043425814236,0.25,0.0,0.6379402064049368,3.812
0.6757166691946004,0.319207738369415,0.5310615199034983,0.0,0.3333333333333333,0.5809128630705395,4.664
0.417564083118459,0.7761400276370337,0.23884197828709292,0.0,0.0,0.7956165549526546,6.72
0.4439557106021537,0.6646706586826349,0.3914354644149578,0.0,0.0,0.830939461644856,6.006
0.3931442438950402,0.6282818977429757,0.24638118214716526,0.0,0.0,0.7526332588573253,5.591
0.4617018049446382,0.3809304467987103,0.40229191797346203,0.0,0.0,0.5450579848920097,5.083
0.4371302897011982,0.4085674804237679,0.3872135102533173,0.0,0.0,0.45526119799978726,4.33
0.6934627635370848,0.2579456471672041,0.5413148371531966,0.25,0.0,0.5887860410681988,4.947
0.5596845138783559,0.2579456471672041,0.5262364294330519,0.25,0.0,0.4386636876263433,3.917
0.5146367359320491,0.22846614463380932,0.4749698431845598,0.0,0.16666666666666666,0.4196191084157889,3.661
0.49067192476869415,0.2680792261630585,0.4001809408926417,0.0,0.0,0.5686775188849877,3.594
0.500985894130138,0.3809304467987103,0.4206875753920386,0.0,0.0,0.5805936801787425,4.393
0.47110571818595476,0.4283740211883925,0.3980699638118215,0.0,0.0,0.49281838493456753,4.856
0.5229789170332171,0.3274988484569323,0.4653196622436671,0.0,0.0,0.46802851367166726,3.846
0.7286516001820111,0.10271764163979734,0.5844390832328107,0.0,0.16666666666666666,0.7573146079370147,5.194
0.3640224480509632,0.49608475356978354,0.36369119420989143,0.0,0.0,0.6377274178104054,4.63
0.4617018049446382,0.3809304467987103,0.40229191797346203,0.0,0.0,0.5450579848920097,3.91
0.4371302897011982,0.4085674804237679,0.3872135102533173,0.0,0.0,0.45526119799978726,3.932
0.4617018049446382,0.3809304467987103,0.40229191797346203,0.0,0.0,0.5450579848920097,5.146
0.42120430759896865,0.26715799170888993,0.362183353437877,0.0,0.0,0.47813597191190554,3.391
0.4929470650690126,0.35099032703823124,0.4523522316043426,0.0,0.16666666666666666,0.5162251303330142,3.882
0.42120430759896865,0.26715799170888993,0.362183353437877,0.0,0.0,0.47813597191190554,3.787
0.45442135598361905,0.3274988484569323,0.3811821471652594,0.0,0.16666666666666666,0.43759974465368656,3.097
0.482178067647505,0.06172270842929527,0.379372738238842,0.0,0.0,0.4670709649962762,3.078
0.33050204762627033,0.262551819438047,0.38449939686369117,0.0,0.16666666666666666,0.27311416108096603,2.445
0.41847413923858645,0.6259788116075542,0.8048854041013269,0.25,0.16666666666666666,0.43940844770720294,4.796
0.37024116487183373,0.19760479041916168,0.8127261761158021,0.0,0.0,0.2632194914352591,1.897
0.5640831184589716,0.29387379087977894,0.39173703256936065,0.0,0.0,0.6512394935631451,4.906
0.6038222357045351,0.15246430216490098,0.5407117008443909,0.75,0.0,0.5247366741142676,4.473
0.6402244805096314,0.2897282358360203,0.4044028950542823,0.0,0.0,0.6595382487498671,3.459
0.5146367359320491,0.22846614463380932,0.4749698431845598,0.0,0.16666666666666666,0.4196191084157889,2.126
0.5536174730775065,0.22846614463380932,0.7545235223160434,0.0,0.0,0.2514097244387701,1.68
0.5225238889731534,0.3823122984799632,0.4348612786489747,0.0,0.0,0.6858176401744867,6.652
0.5006825420900956,0.10271764163979734,0.5108564535585043,0.0,0.0,0.407170975635706,3.131
0.41665402699833154,0.41040994933210506,0.36550060313630883,0.0,0.0,0.5971911905521864,4.62
0.4858182921280146,0.22846614463380932,0.566344993968637,0.0,0.16666666666666666,0.3285455899563784,3.03
0.40967693007735473,0.2947950253339475,0.6402291917973463,0.0,0.0,0.39195659112671566,2.072
0.5190353405126649,0.3823122984799632,0.6188178528347407,0.0,0.0,0.6214490903287584,3.746
0.38813893523433945,0.6637494242284663,0.3534378769601931,0.0,0.0,0.6713480157463562,6.087
0.6171697254664038,0.27821280515891295,0.5768998793727382,0.0,0.0,0.6740078731779977,5.086
0.5894130138025179,0.3735605711653616,0.4592882991556092,0.0,0.0,0.5838919033939781,4.759
0.5769755801607767,0.11561492399815754,0.5220144752714113,0.0,0.0,0.428237046494308,2.412
0.5857727893220082,0.22846614463380932,0.46109770808202655,0.0,0.16666666666666666,0.5432492818384935,4.446
0.2528439253753982,0.5297098111469369,0.41133896260554886,0.0,0.16666666666666666,0.4128098733907863,3.499
0.6082208402851509,0.49193919852602497,0.39776839565741856,0.0,0.0,0.5768698797744441,3.327
0.4236311239193084,0.5886688162137265,0.38962605548854046,0.0,0.0,0.7998723268432814,5.361
0.4074017897770362,0.5186549976969138,0.35856453558504225,0.0,0.0,0.6594318544526014,4.737
0.4374336417412408,0.3519115614923998,0.37846803377563326,0.25,0.0,0.5482498138099798,5.308
0.4074017897770362,0.5186549976969138,0.35856453558504225,0.0,0.0,0.6594318544526014,5.001
0.4083118458971637,0.4292952556425611,0.3760554885404101,0.25,0.0,0.5421853388658369,4.672
0.47717275898680417,0.4085674804237679,0.40711700844390836,0.0,0.0,0.49281838493456753,4.181
0.3963294403154861,0.10271764163979734,0.701145958986731,0.0,0.0,0.2885413341844877,0.534
0.6549370544516911,0.5301704283740213,0.3941495778045838,0.0,0.3333333333333333,0.5492073624853708,4.54
0.5944183224632185,0.10271764163979734,0.4442098914354644,0.0,0.0,0.5738908394510055,4.093
0.5542241771575914,0.4956241363426993,0.39716525934861285,0.0,0.16666666666666666,0.6598574316416641,6.077
0.6176247535264675,0.11561492399815754,0.5898673100120627,0.0,0.0,0.4421746994361102,4.132
0.46974063400576377,0.22846614463380932,0.3754523522316044,0.0,0.16666666666666666,0.438450899031812,3.133
0.43986045806158053,0.49286043298019355,0.37303980699638123,0.25,0.0,0.6661346951803383,5.251
0.4143788866980131,0.48917549516351916,0.37635705669481306,0.0,0.0,0.5688903074795191,4.399
0.47565599878659187,0.2680792261630585,0.3947527141133897,0.0,0.0,0.5928290243642942,4.002
0.5683300470195662,0.10271764163979734,0.5968033775633294,0.25,0.0,0.4602617299712735,3.757
0.34900652206886096,0.3675725472132658,0.44903498190591074,0.0,0.0,0.37918927545483566,2.569
0.6465948733505232,0.4477199447259328,0.4031966224366707,0.0,0.16666666666666666,0.751462921587403,4.828
0.34900652206886096,0.32842008291110086,0.47828709288299154,0.0,0.0,0.3601446962442813,2.319
0.6585772789322007,0.5122063565177338,0.5156815440289506,0.0,0.16666666666666666,0.6764549420151081,4.706
0.6067040800849386,0.18654997696913866,0.4098311218335344,0.25,0.0,0.6232577933822748,4.632
0.46458364932504165,0.10271764163979734,0.6556091676718938,0.0,0.0,0.34375997446536866,0.778
0.4084635219171848,0.10271764163979734,0.6221351025331726,0.0,0.16666666666666666,0.328332801361847,0.855
0.3667526164113454,0.2897282358360203,0.5666465621230399,0.0,0.0,0.27311416108096603,0.361
0.4331867131806461,0.7305389221556887,0.7225572979493365,0.0,0.0,0.656984785615491,5.242
0.3033520400424693,0.3473053892215569,0.46562123039807,0.0,0.16666666666666666,0.26577295456963507,3.487
0.40967693007735473,0.15246430216490098,0.9252110977080821,0.25,0.0,0.2777955101606554,0.841
0.24874867283482482,0.45508982035928147,0.5684559710494572,0.0,0.16666666666666666,0.3259921268220024,2.725
0.6817837099954498,0.5799170888991249,0.4107358262967431,0.25,0.3333333333333333,0.7621023513139696,8.604
0.5605945699984832,0.15246430216490098,0.7617611580217128,0.0,0.16666666666666666,0.40972443877008197,1.885
0.5566509934779311,0.06172270842929527,0.5455367913148372,0.0,0.0,0.5453771677838067,2.647
0.6684362202335811,0.06172270842929527,0.5962002412545235,0.0,0.0,0.5487817852963082,4.396
0.4887001365084181,0.5112851220635652,0.6278648974668275,0.0,0.0,0.33758910522396,2.601
0.6866373426361293,0.10271764163979734,0.5868516284680338,0.0,0.16666666666666666,0.6963506756037877,4.51
0.7048384650386774,0.10271764163979734,0.6390229191797347,0.0,0.0,0.6147462496010215,4.703
0.3716062490520249,0.15246430216490098,0.6221351025331726,0.0,0.0,0.3160974571762954,1.777
0.4236311239193084,0.11561492399815754,0.6378166465621231,0.0,0.0,0.3160974571762954,2.458
0.7368421052631579,0.35099032703823124,0.781363088057901,0.0,0.0,0.4386636876263433,2.618
0.5660549067192477,0.42514970059880247,0.5165862484921593,0.0,0.0,0.44206830513884454,2.015
0.7019566206582739,0.18654997696913866,0.4460193003618818,0.25,0.0,0.731035216512395,5.842
0.5569543455179735,0.7752187931828651,0.3528347406513872,0.0,0.0,0.8179593573784446,7.287
0.7624753526467466,0.18654997696913866,0.48974668275030164,0.25,0.3333333333333333,0.7574210022342803,6.665
0.5602912179584407,0.15246430216490098,0.42430639324487335,0.0,0.16666666666666666,0.49909564847324184,3.009
0.47247080236614597,0.29387379087977894,0.39716525934861285,0.0,0.0,0.4878178529630812,3.513
0.6261186106476566,0.10271764163979734,0.4544632086851629,0.0,0.16666666666666666,0.5576125119693585,3.393
0.7410890338237525,0.4758175955780746,0.4098311218335344,0.0,0.16666666666666666,0.7585913395042028,9.354
0.47717275898680417,0.4085674804237679,0.40711700844390836,0.0,0.0,0.49281838493456753,4.208
0.6587289549522221,0.18654997696913866,0.5790108564535585,0.0,0.16666666666666666,0.5503776997552932,3.976
0.5612012740785682,0.319207738369415,0.5150784077201448,0.25,0.0,0.43557825300563885,4.832
0.5082663430911573,0.45508982035928147,0.48914354644149577,0.0,0.16666666666666666,0.6341100117033728,4.404
0.46458364932504165,0.10271764163979734,0.6556091676718938,0.0,0.0,0.34375997446536866,1.121
0.5179736083725163,0.10271764163979734,0.6335946924004825,0.0,0.0,0.39195659112671566,1.589
0.5615046261186106,0.10271764163979734,0.620627261761158,0.0,0.0,0.4354718587083733,2.217
0.49325041710905504,0.0,0.3959589867310013,0.0,0.0,0.5467602936482604,3.502
0.31942969816472017,0.4970059880239521,0.6824487334137516,0.0,0.0,0.5436748590275561,3.402
0.6235401183072956,0.40534315983417785,0.5615199034981907,0.0,0.5,0.5143100329822322,4.004
0.8835128166236919,0.06172270842929527,0.6595295536791315,0.0,0.0,0.6385785721885308,6.04
0.4843015319278022,0.32842008291110086,0.48160434258142343,0.25,0.0,0.5422917331631024,3.561
0.6461398452904595,0.5693228926761861,0.47104945717732205,0.0,0.0,0.7609320140440472,7.607
0.6132261489458517,0.5886688162137265,0.3953558504221954,0.0,0.0,0.9381849132886477,4.862
0.7048384650386774,0.20819898664210043,0.7264776839565742,0.0,0.0,0.3045004787743377,1.81
0.7541331715455786,0.10271764163979734,0.5259348612786491,0.75,0.3333333333333333,0.7227364613256729,5.192
0.5449719399362961,0.2680792261630585,0.70416164053076,0.0,0.0,0.4715395254814343,3.046
0.7330502047626271,0.06172270842929527,0.5886610373944512,0.0,0.0,0.742844983508884,5.912
0.5467920521765509,0.6379548595117458,0.4888419782870929,0.0,0.3333333333333333,0.4153633365251623,4.593
0.7891703321704837,0.10271764163979734,0.5084439083232811,0.0,0.0,0.8289179699968083,6.634
0.576520552100713,0.10271764163979734,0.517189384800965,0.0,0.0,0.4978189169060539,4.804
0.4295464887001365,0.06172270842929527,0.6960193003618818,0.0,0.0,0.2885413341844877,2.3
0.2719551038980737,0.06172270842929527,0.5509650180940893,0.0,0.0,0.27311416108096603,1.399
0.3179129379645078,0.10271764163979734,0.6471652593486128,0.25,0.0,0.27311416108096603,3.076
0.3179129379645078,0.10271764163979734,0.6634499396863692,0.0,0.0,0.24683476965634643,2.72
0.2528439253753982,0.3823122984799632,0.5512665862484921,0.0,0.16666666666666666,0.4847324183423769,2.856
0.24753526467465495,0.2947950253339475,0.6305790108564536,0.0,0.16666666666666666,0.328332801361847,3.272
0.5563476414378887,0.06172270842929527,1.0,0.0,0.0,0.0,2.375
0.5179736083725163,0.10271764163979734,0.6335946924004825,0.0,0.0,0.39195659112671566,1.063
0.29516153496132264,0.3735605711653616,0.5153799758745476,0.0,0.0,0.368549845728269,2.925
0.5683300470195662,0.10271764163979734,0.5968033775633294,0.0,0.16666666666666666,0.4602617299712735,3.061
0.3321704838465039,0.4735145094426532,0.5753920386007237,0.0,0.16666666666666666,0.4128098733907863,2.693
0.3790383740330654,0.5568862275449102,0.5307599517490954,0.0,0.0,0.22257686987977443,3.828
0.35916881541028367,0.6646706586826349,0.6939083232810616,0.0,0.0,0.6214490903287584,4.44
0.26710147125739425,0.5693228926761861,0.5600120627261762,0.0,0.16666666666666666,0.4128098733907863,1.911
0.5457303200364022,0.787655458314141,0.4013872135102533,0.5,0.3333333333333333,0.8520055325034578,7.017
0.4236311239193084,0.3823122984799632,0.5582026537997588,0.25,0.0,0.5684647302904565,4.184
0.6534202942514789,0.15246430216490098,0.7023522316043427,0.25,0.0,0.5165443132248112,3.246
0.42529956013954195,0.10271764163979734,0.4749698431845598,0.0,0.0,0.37652941802319395,3.841
0.634157439708782,0.0,0.5340772014475271,0.5,0.3333333333333333,0.6300670284072774,4.465
0.6575155467920522,0.06172270842929527,0.4607961399276237,0.0,0.0,0.5730396850728801,3.782
0.5003791900500532,0.19760479041916168,0.4740651387213511,0.0,0.0,0.4211086285775083,2.975
0.47504929470650686,0.7305389221556887,0.4209891435464415,0.0,0.6666666666666666,0.6853920629854241,7.591
0.4545730320036402,0.26715799170888993,0.6550060313630881,0.0,0.3333333333333333,0.22800297904032343,0.89
0.6267253147277415,0.0,0.4098311218335344,1.0,0.0,0.654431322481115,3.407
0.5982102229637494,0.10271764163979734,0.611881785283474,0.0,0.0,0.4756889030747952,2.182
0.535871378735022,0.10271764163979734,0.5078407720144753,0.0,0.0,0.4602617299712735,1.906
0.6681328681935387,0.5209580838323353,0.5971049457177322,0.25,0.3333333333333333,0.5789977657197575,4.422
0.41665402699833154,0.4758175955780746,0.3914354644149578,0.0,0.0,0.6427279497818917,3.693
0.6682845442135598,0.0,0.48250904704463216,0.25,0.16666666666666666,0.6658155122885414,5.689
0.5851660852419232,0.10271764163979734,0.4674306393244873,0.0,0.0,0.49164804766464526,2.686
0.6798119217351737,0.8406264394288346,0.5268395657418576,0.0,0.0,0.2589637195446324,4.691
0.8031245260124374,0.5568862275449102,0.7129071170084439,0.0,0.0,0.5661240557506118,4.551
0.6183831336265736,0.10271764163979734,0.5048250904704463,0.25,0.3333333333333333,0.5139908500904351,2.737
0.5166085241923252,0.0,0.5114595898673101,0.25,0.16666666666666666,0.5168634961166082,2.953
0.5179736083725163,0.10271764163979734,0.6335946924004825,0.0,0.0,0.39195659112671566,1.691
0.4081601698771424,0.3823122984799632,0.6504825090470446,0.0,0.0,0.5436748590275561,2.928
0.5053844987107539,0.11561492399815754,0.6507840772014475,0.0,0.0,0.2500265985743164,1.817
0.5179736083725163,0.10271764163979734,0.6335946924004825,0.0,0.0,0.39195659112671566,1.305
0.4745942666464433,0.10271764163979734,0.6094692400482509,0.0,0.16666666666666666,0.37652941802319395,1.352
0.4617018049446382,0.15246430216490098,0.6423401688781665,0.0,0.0,0.2500265985743164,1.474
0.5865311694221144,0.7052049746660525,0.4387816646562123,0.0,0.0,0.6354931375678264,6.16
0.31942969816472017,0.4970059880239521,0.6824487334137516,0.0,0.0,0.5436748590275561,3.213
0.2719551038980737,0.4970059880239521,0.5536791314837153,0.25,0.16666666666666666,0.5282476859240345,3.47
0.34930987410890335,0.15246430216490098,0.5009047044632087,0.25,0.16666666666666666,0.26641132035322906,2.766
0.4081601698771424,0.18654997696913866,0.7421592279855247,0.0,0.16666666666666666,0.32099159485051604,2.269
0.3286819353860154,0.5886688162137265,0.6827503015681545,0.0,0.0,0.5838919033939781,3.916
0.7013499165781889,0.10271764163979734,0.5021109770808203,0.5,0.5,0.6258112565166507,4.577
0.6142878810860003,0.6485490557346845,0.3884197828709289,0.0,0.0,0.8179593573784446,5.44
0.6804186258152586,0.28327959465684016,0.3799758745476478,0.0,0.0,0.825832535376104,3.715
0.5628697102988018,0.4735145094426532,0.4086248492159228,0.25,0.0,0.70709649962762,5.95
0.6738965569543455,0.18654997696913866,0.39686369119420994,0.0,0.0,0.658580700074476,4.691
0.615349613226149,0.4302164900967297,0.3875150784077202,0.0,0.0,0.7788062559846793,5.264
0.6540269983315639,0.10271764163979734,0.46773220747889027,0.0,0.0,0.6371954463240771,4.81
0.6958895798574245,0.11561492399815754,0.5410132689987938,0.0,0.0,0.4794127034790936,3.416
0.7068102532989534,0.10271764163979734,0.485524728588661,0.25,0.0,0.6859240344717524,4.611
0.48141968754739883,0.18654997696913866,0.6176115802171291,0.0,0.3333333333333333,0.4013192892860943,2.495
0.7937206127711208,0.16444035006909258,0.5398069963811822,1.0,0.16666666666666666,0.722098095542079,6.923
0.4617018049446382,0.5886688162137265,0.41314837153196626,0.0,0.0,0.8024257899776572,5.372
0.4224177157591385,0.44035006909258406,0.8851025331724971,0.0,0.0,0.26364506862432174,3.845
0.4838465038677386,0.2579456471672041,0.6025331724969845,0.25,0.16666666666666666,0.312373656771997,4.384
0.6109510086455332,0.10271764163979734,0.5241254523522316,0.0,0.0,0.5333546121927865,5.485
0.6623691794327317,0.10271764163979734,0.5886610373944512,0.0,0.16666666666666666,0.6641132035322908,3.971
0.5285909297740028,0.3823122984799632,0.5373944511459591,0.0,0.0,0.6152782210873498,3.92
0.6267253147277415,0.0,0.36127864897466827,0.0,0.0,0.7279497818916907,4.984
0.5566509934779311,0.06172270842929527,0.43063932448733416,0.0,0.0,0.5358016810298968,4.171
0.7485211588047929,0.42192538000921237,0.47828709288299154,0.0,0.3333333333333333,0.5128205128205129,7.849
0.5956317306233884,0.18654997696913866,0.39716525934861285,0.0,0.0,0.6028300883072668,4.578
0.6208099499469134,0.391524643021649,0.6598311218335344,0.0,0.0,0.5824023832322588,4.377
0.6908842711967238,0.319207738369415,0.41435464414957784,0.0,0.3333333333333333,0.7997659325460156,6.6
0.6285454269679964,0.319207738369415,0.5247285886610374,0.0,0.3333333333333333,0.5810192573678051,4.116
0.7154557864401637,0.319207738369415,0.5358866103739446,0.0,0.3333333333333333,0.6917757208213641,5.49
0.7154557864401637,0.319207738369415,0.5358866103739446,0.0,0.3333333333333333,0.6917757208213641,5.367
0.6406795085696951,0.15246430216490098,0.511761158021713,0.5,0.16666666666666666,0.5418661559740399,4.711
0.7189443349006522,0.319207738369415,0.47255729794933665,0.0,0.3333333333333333,0.7421002234280243,5.224
0.5173669042924315,0.22846614463380932,0.34650180940892644,0.0,0.0,0.627939142461964,4.284
0.5944183224632185,0.06172270842929527,0.3832931242460796,0.0,0.0,0.6110224491967231,5.292
0.5281359017139391,0.2579456471672041,0.5974065138721351,0.0,0.3333333333333333,0.352590701138419,2.758
0.40922190201729114,0.3933671119299862,0.9007840772014476,0.0,0.0,0.22002340674539847,2.689
0.5963901107234947,0.22846614463380932,0.4095295536791315,0.0,0.16666666666666666,0.6318757314607938,4.732
0.4174124070984377,0.4970059880239521,0.3893244873341375,0.0,0.0,0.7391211831045855,4.89
0.45775822842408614,0.7305389221556887,0.49638118214716526,0.0,0.6666666666666666,0.6961378870092563,6.416
0.5291976338540877,0.3735605711653616,0.5790108564535585,0.0,0.0,0.08458346632620492,0.6
0.6039739117245564,0.42192538000921237,0.6480699638118215,0.0,0.3333333333333333,0.26013405681455476,2.501
0.316092825724253,0.4136342699216951,0.3148371531966225,0.0,0.0,0.5240983083306735,4.421
0.4224177157591385,0.4302164900967297,0.3947527141133897,0.25,0.0,0.6213426960314927,4.988
0.3931442438950402,0.5343159834177799,0.3609770808202654,0.0,0.0,0.6594318544526014,4.499
0.4858182921280146,0.19760479041916168,0.382086851628468,0.0,0.16666666666666666,0.438450899031812,2.537
0.46974063400576377,0.22846614463380932,0.4047044632086852,0.0,0.0,0.5452707734865412,3.568
0.377521613832853,0.3818516812528789,0.3709288299155609,0.0,0.0,0.5737844451537398,3.731
0.4234794478992871,0.29387379087977894,0.3700241254523522,0.0,0.0,0.45026066602830095,2.939
0.5710602153799483,0.4283740211883925,0.44360675512665865,0.0,0.0,0.5943185445260135,6.236
0.5956317306233884,0.3735605711653616,0.33112183353437874,0.0,0.0,0.7762527928503032,6.298
0.5534657970574852,0.22846614463380932,0.4665259348612787,0.0,0.16666666666666666,0.49654218533886585,3.522
0.4074017897770362,0.5186549976969138,0.35856453558504225,0.0,0.0,0.6594318544526014,4.73
0.48157136356742,0.26715799170888993,0.4031966224366707,0.0,0.0,0.4878178529630812,3.789
0.6261186106476566,0.10271764163979734,0.45717732207478895,0.0,0.0,0.6061283115225025,4.672
0.43986045806158053,0.2947950253339475,0.39686369119420994,0.25,0.0,0.5589956378338121,4.75
0.4768694069467617,0.18654997696913866,0.38359469240048255,0.25,0.0,0.48420044685604857,4.725
0.6159563173062339,0.0,0.3811821471652594,0.0,0.0,0.6980529843600384,4.199
0.5466403761565297,0.2298479963150622,0.36067551266586256,0.0,0.0,0.726566656027237,4.849
0.5580160776581223,0.10271764163979734,0.34861278648974675,0.0,0.0,0.5874029152037451,4.538
0.6039739117245564,0.10271764163979734,0.36037394451145965,0.0,0.0,0.6395361208639216,4.507
0.42120430759896865,0.5297098111469369,0.33655006031363094,0.25,0.0,0.6427279497818917,5.518
0.7500379190050053,0.18654997696913866,0.5250301568154403,0.0,0.0,0.684115331418236,4.668
0.5833459730016685,0.0,0.362183353437877,0.0,0.0,0.6670922438557293,4.322
0.5310177460943425,0.06172270842929527,0.42370325693606753,0.0,0.0,0.5266517714650495,3.448
0.47247080236614597,0.29387379087977894,0.4574788902291918,0.0,0.0,0.4878178529630812,2.904
0.6958895798574245,0.06172270842929527,0.6589264173703258,0.0,0.0,0.5730396850728801,3.861
0.6368876080691642,0.06172270842929527,0.5772014475271412,0.0,0.0,0.6061283115225025,3.959
0.6449264371302896,0.15246430216490098,0.569059107358263,0.0,0.0,0.5434620704330249,3.53
0.5692401031396936,0.4366651312759097,0.3458986731001206,0.0,0.0,0.6883711033088626,5.107
0.6267253147277415,0.0,0.37183353437876965,0.0,0.0,0.719225449515906,4.809
0.6039739117245564,0.10271764163979734,0.36037394451145965,0.0,0.0,0.6395361208639216,4.44
0.3825269224935538,0.5430677107323815,0.5536791314837153,0.0,0.0,0.4756889030747952,2.838
0.535871378735022,0.10271764163979734,0.5078407720144753,0.5,0.0,0.4488775401638472,3.411
0.42529956013954195,0.10271764163979734,0.4749698431845598,0.0,0.0,0.37652941802319395,3.288
0.5616563021386319,0.18654997696913866,0.482810615199035,0.0,0.16666666666666666,0.5569741461857645,4.247
0.5730320036402246,0.18654997696913866,0.4360675512665863,0.0,0.3333333333333333,0.49366953931269286,5.169
0.5072046109510087,0.15246430216490098,0.5965018094089265,0.0,0.16666666666666666,0.369188211511863,2.895
0.39875625663582587,0.6195301704283741,0.3555488540410133,0.0,0.0,0.6916693265240983,5.348
0.4715607462460185,0.4302164900967297,0.4161640530759952,0.0,0.16666666666666666,0.6250664964357912,4.208
0.5821325648414986,0.06172270842929527,0.42430639324487335,0.0,0.0,0.5394190871369295,3.984
0.5534657970574852,0.22846614463380932,0.4665259348612787,0.0,0.16666666666666666,0.49654218533886585,3.665
0.6887608069164266,0.29387379087977894,0.5271411338962606,1.0,0.16666666666666666,0.5808064687732738,4.561
0.46974063400576377,0.22846614463380932,0.36972255729794934,0.25,0.0,0.42727949781891694,4.628
0.4704990141058699,0.5126669737448181,0.45386007237635706,0.0,0.16666666666666666,0.5572933290775615,2.839
0.5936599423631124,0.4025794564716721,0.48763570566948133,0.0,0.16666666666666666,0.5897435897435898,4.262
0.5452752919763385,0.5126669737448181,0.4767792521109771,0.0,0.16666666666666666,0.6182572614107884,4.141
0.5918398301228576,0.5209580838323353,0.41978287092882993,0.0,0.0,0.5965528247685924,5.354
0.5830426209616261,0.2897282358360203,0.382086851628468,0.0,0.0,0.6595382487498671,3.365
0.4795995753071439,0.2579456471672041,0.3712303980699638,0.25,0.0,0.4237684860091499,4.023
0.43986045806158053,0.262551819438047,0.38570566948130275,0.0,0.0,0.4665389935099479,3.325
0.5833459730016685,0.0,0.4399879372738239,0.0,0.0,0.6198531758697735,3.811
0.5149400879720917,0.10271764163979734,0.40681544028950545,0.0,0.0,0.5046281519310566,3.897
0.49855907780979825,0.2298479963150622,0.4179734620024126,0.0,0.0,0.648366847536972,4.23
0.4236311239193084,0.3823122984799632,0.3905307599517491,0.0,0.0,0.6768805192041707,4.194
0.43728196572121947,0.2680792261630585,0.37243667068757536,0.0,0.0,0.5331418235982551,4.353
0.49855907780979825,0.13265776140027638,0.37243667068757536,0.0,0.0,0.6308117884881371,3.753
0.5310177460943425,0.06172270842929527,0.4059107358262968,0.0,0.0,0.5046281519310566,3.12
0.417564083118459,0.2947950253339475,0.3721351025331725,0.0,0.0,0.5331418235982551,3.995
0.6179281055665099,0.0,0.4544632086851629,0.0,0.0,0.6535801681029897,4.192
0.5580160776581223,0.10271764163979734,0.4279252110977081,0.0,0.0,0.5401638472177892,3.92
0.4768694069467617,0.3823122984799632,0.4158624849215923,0.0,0.0,0.7106075114373871,4.54
0.4768694069467617,0.3823122984799632,0.4158624849215923,0.0,0.0,0.7106075114373871,4.743
0.41665402699833154,0.41040994933210506,0.36550060313630883,0.0,0.0,0.5971911905521864,4.332
0.5392082511754891,0.11561492399815754,0.4041013268998794,0.0,0.0,0.43940844770720294,1.935
0.41665402699833154,0.41040994933210506,0.36550060313630883,0.0,0.0,0.5971911905521864,4.989
0.4236311239193084,0.5886688162137265,0.38962605548854046,0.0,0.0,0.7998723268432814,5.815
0.3931442438950402,0.5343159834177799,0.3609770808202654,0.0,0.0,0.6594318544526014,5.192
0.6608524192325194,0.10271764163979734,0.38570566948130275,0.0,0.0,0.7203957867858284,6.644
0.6796602457151524,0.15246430216490098,0.4888419782870929,0.0,0.16666666666666666,0.6627300776678371,3.698
0.5392082511754891,0.18654997696913866,0.5633293124246079,0.25,0.3333333333333333,0.46877327375252686,5.105
0.5295009858941301,0.10271764163979734,0.43636911942098916,0.0,0.0,0.46994361102244925,4.05
0.3825269224935538,0.4914785812989406,0.49457177322074797,0.0,0.0,0.4756889030747952,3.487
0.526164113453663,0.10271764163979734,0.6019300361881785,0.25,0.0,0.4200446856048516,3.937
0.392385863794934,0.4970059880239521,0.643546441495778,0.0,0.0,0.5838919033939781,3.408
0.526164113453663,0.10271764163979734,0.6019300361881785,0.0,0.16666666666666666,0.4200446856048516,1.748
0.4704990141058699,0.15246430216490098,0.5814234016887817,0.0,0.16666666666666666,0.369188211511863,2.014
0.6488700136508418,0.15246430216490098,0.7276839565741857,0.0,0.0,0.4550484094052559,2.859
0.4371302897011982,0.4085674804237679,0.3872135102533173,0.0,0.0,0.45526119799978726,4.084
0.580464128621265,0.4735145094426532,0.3633896260554886,0.0,0.0,0.7156080434088733,5.939
0.5956317306233884,0.18654997696913866,0.4665259348612787,0.25,0.0,0.5313331205447388,3.835
0.3992112846958896,0.18654997696913866,0.4719541616405308,0.25,0.0,0.29141398021066073,3.66
0.3716062490520249,0.2897282358360203,0.3455971049457177,0.25,0.0,0.38514735610171297,3.46
0.4573032003640224,0.35099032703823124,0.37575392038600725,0.0,0.0,0.5857006064474944,3.769
0.6261186106476566,0.10271764163979734,0.45717732207478895,0.0,0.0,0.6061283115225025,4.463
0.6179281055665099,0.0,0.4544632086851629,0.0,0.0,0.6535801681029897,4.279
0.5295009858941301,0.10271764163979734,0.4209891435464415,0.0,0.16666666666666666,0.5304819661666135,2.87
0.43986045806158053,0.2947950253339475,0.39686369119420994,0.0,0.16666666666666666,0.5304819661666135,3.615
0.41665402699833154,0.22846614463380932,0.3781664656212304,0.0,0.0,0.5076071922544952,3.022
0.4703473380858486,0.5389221556886228,0.41978287092882993,0.25,0.0,0.45483562081072465,3.575
0.5205521007128774,0.15246430216490098,0.40621230398069963,0.0,0.16666666666666666,0.46536865624002555,2.55
0.46974063400576377,0.22846614463380932,0.4047044632086852,0.0,0.0,0.5452707734865412,3.66
0.44274230244198387,0.49516351911561496,0.3863088057901086,0.0,0.0,0.5201617193318437,5.303
0.48157136356742,0.26715799170888993,0.4031966224366707,0.0,0.0,0.4878178529630812,3.242
0.48157136356742,0.26715799170888993,0.4031966224366707,0.0,0.0,0.4878178529630812,3.345
0.44259062642196273,0.29387379087977894,0.382086851628468,0.25,0.0,0.47813597191190554,4.416
0.41877749127862884,0.3809304467987103,0.3787696019300362,0.0,0.0,0.5075007979572295,4.239
0.6682845442135598,0.0,0.49638118214716526,0.5,0.3333333333333333,0.654431322481115,4.638
0.6065524040649173,0.06172270842929527,0.577503015681544,0.0,0.0,0.5738908394510055,3.415
0.46974063400576377,0.22846614463380932,0.4047044632086852,0.0,0.0,0.5452707734865412,3.441
0.5281359017139391,0.2579456471672041,0.5974065138721351,0.25,0.16666666666666666,0.352590701138419,4.59
0.3286819353860154,0.18654997696913866,0.6227382388419783,0.0,0.16666666666666666,0.26577295456963507,2.661
0.575307143940543,0.319207738369415,0.629071170084439,0.5,0.3333333333333333,0.41578891371422494,4.282
0.6866373426361293,0.10271764163979734,0.5503618817852836,0.0,0.0,0.5730396850728801,3.919
0.37630820567268314,0.6061722708429296,0.4433051869722558,0.0,0.16666666666666666,0.4258963719544633,3.35
0.6608524192325194,0.5338553661906956,0.5099517490952955,0.0,0.3333333333333333,0.780189381849133,5.749
0.7398756256635826,0.4292952556425611,0.43455971049457176,0.0,0.16666666666666666,0.8209383977018831,8.916
0.4287881086000303,0.5343159834177799,0.6040410132689988,0.0,0.0,0.5132460900095756,3.13
0.7574700439860458,0.2579456471672041,0.49758745476477684,0.5,0.8333333333333334,0.668475369720183,6.683
0.5648414985590778,0.7535697835099033,0.419481302774427,0.0,0.3333333333333333,0.78050856474093,8.433
0.6170180494463825,0.3371718102257025,0.4767792521109771,0.0,0.16666666666666666,0.6037876369826578,3.529
0.417564083118459,0.6913864578535237,0.35042219541616404,0.0,0.0,0.7227364613256729,6.093
0.5683300470195662,0.10271764163979734,0.5603136308805791,0.5,0.0,0.4602617299712735,2.494
0.6183831336265736,0.06172270842929527,0.6387213510253317,0.0,0.0,0.18193424832428984,3.017
0.5715152434400121,0.7070474435743898,0.5193003618817853,0.0,0.16666666666666666,0.4829237152888605,6.238
0.6470499014105869,0.32335329341317365,0.5759951749095297,0.5,0.16666666666666666,0.6523034365358018,6.183
0.5540725011375702,0.4426531552280055,0.6227382388419783,0.0,0.6666666666666666,0.4981380997978509,3.152
0.5264674654937055,0.5112851220635652,0.3057901085645356,0.0,1.0,0.44696244281306524,6.254
0.6578188988320947,0.3353293413173653,0.755729794933655,0.0,0.5,0.5502713054580275,2.964
0.6282420749279539,0.18654997696913866,0.3832931242460796,0.25,0.3333333333333333,0.6417704011065007,4.803
0.5260124374336418,0.3353293413173653,0.7907117008443908,0.0,0.3333333333333333,0.38514735610171297,3.109
0.6550887304717125,0.4016582220175035,0.3808805790108564,0.5,0.5,0.7306096393233323,4.04
0.6719247686940695,0.42192538000921237,0.3841978287092883,0.0,1.0,0.6172997127353974,4.818
0.5305627180342788,0.6416397973284201,0.4442098914354644,0.0,0.16666666666666666,0.40323438663687633,5.317
0.7165175185803125,0.4753569783509904,0.4761761158021714,0.25,0.5,0.8126396425151613,8.201
